revenues,revenues(change%),profit,profit(change%),asset($m),marketcap(03032021),change_rank(1000),employees,change_rank(500),measure_rank,company
"$559,151",6.7%,"$13,510",-9.2%,"$252,496","$382,642.8",-,"2,300,000",-,20,Walmart
"$386,064",37.6%,"$21,331",84.1%,"$321,195","$1,558,069.6",-,"1,298,000",-,11,Amazon
"$274,515",5.5%,"$57,411",3.9%,"$323,888","$2,050,665.9",1,"147,000",1,188,Apple
"$268,706",4.6%,"$7,179",8.2%,"$230,715","$98,653.2",1,"256,500",1,57,CVS Health
"$257,141",6.2%,"$15,403",11.3%,"$197,289","$351,725",2,"330,000",2,25,UnitedHealth Group
"$245,510",-3.6%,"$42,521",-47.8%,"$873,729","$587,823",-,"360,000",-,-,Berkshire Hathaway
"$231,051",7.8%,$900,2547.1%,"$61,247","$31,044",1,"70,000",1,205,McKesson
"$189,893.9",5.7%,"$-3,408.7",-498.5%,"$44,274.8","$24,169.7",2,"21,500",2,120,AmerisourceBergen
"$182,527",12.8%,"$40,269",17.3%,"$319,616","$1,392,561.8",2,"135,301",2,215,Alphabet
"$181,502",-31.5%,"$-22,440",-256.5%,"$332,750","$236,355.4",-7,"72,000",-7,327,Exxon Mobil
"$171,760",-5.2%,"$-5,176",-137.2%,"$525,761","$215,878.5",-2,"230,760",-2,26,AT&T
"$166,761",9.2%,"$4,002",9.4%,"$55,556","$155,984.3",2,"214,500",2,123,Costco Wholesale
"$160,401",4.5%,"$8,458",65.7%,"$155,451","$83,976.1",-,"72,963",-,179,Cigna
"$152,922",5.1%,"$-3,696",-371.2%,"$40,766","$17,840.3",2,"48,000",2,64,Cardinal Health
"$143,015",13.6%,"$44,281",12.8%,"$301,311","$1,778,228.2",6,"163,000",6,1,Microsoft
"$139,537",2%,$456,-88.5%,"$87,174","$47,455.3",3,"277,000",3,19,Walgreens Boots Alliance
"$132,498",8.4%,"$2,585",55.8%,"$48,662","$27,064.3",6,"465,000",6,190,Kroger
"$132,110",19.9%,"$12,866",14.4%,"$70,581","$328,775.4",8,"504,800",8,66,Home Depot
"$129,503",-9.1%,"$29,131",-20%,"$3,386,071","$464,530.8",-2,"255,351",-2,54,JPMorgan Chase
"$128,292",-2.7%,"$17,801",-7.6%,"$316,481","$240,633.3",-,"132,200",-,7,Verizon Communications
"$127,144",-18.4%,"$-1,279",-2821.3%,"$267,261","$48,739",-9,"186,000",-9,207,Ford Motor
"$122,485",-10.7%,"$6,427",-4.5%,"$235,194","$82,794.9",-4,"155,000",-4,156,General Motors
"$121,867",16.9%,"$4,572",-4.9%,"$86,615","$87,908.9",6,"83,400",6,18,Anthem
"$111,115",48.9%,"$1,808",36.9%,"$68,719","$37,169.6",18,"71,300",18,2,Centene
"$106,437",-11.5%,"$11,805",-16.6%,"$3,985,749","$2,397.2",-1,"7,700",-1,343,Fannie Mae
"$103,564",-4.9%,"$10,534",-19.3%,"$273,869","$247,859.3",2,"168,000",2,88,Comcast
"$94,692",-35.4%,"$-5,543",-289.6%,"$239,790","$201,865",-12,"47,736",-12,56,Chevron
"$94,224",2.2%,"$3,250",-29.6%,"$123,415","$67,229.1",6,"158,000",6,142,Dell Technologies
"$93,753",-17.5%,"$17,894",-34.8%,"$2,819,627","$333,788.4",-4,"212,505",-4,10,Bank of America
"$93,561",19.8%,"$4,368",33.1%,"$51,248","$98,760.9",7,"409,000",7,3,Target
"$89,597",24.2%,"$5,835",36.3%,"$46,735","$136,407.9",13,"280,000",13,175,Lowe's
"$88,952",-28.7%,"$-9,826",-472.6%,"$85,158","$34,873.8",-10,"57,900",-10,181,Marathon Petroleum
"$88,839",-14.1%,"$11,047",-43.1%,"$2,260,090","$151,806.4",-2,"210,153",-2,17,Citigroup
"$85,965",21.6%,"$29,146",57.7%,"$159,316","$838,724.2",12,"58,604",12,44,Meta Platforms
"$84,628",14.2%,"$1,343",-69.8%,"$62,408","$147,791.6",8,"408,255",8,105,United Parcel Service
"$82,584",0.6%,"$14,714",-2.7%,"$174,894","$432,685.3",-1,"134,500",-1,51,Johnson & Johnson
"$80,303",-22.7%,"$3,301",-83.1%,"$1,955,163","$161,521",-7,"268,531",-7,13,Wells Fargo
"$79,619",-16.4%,"$5,704",-,"$253,452","$115,342.5",-5,"184,000",-5,306,General Electric
"$78,898",-0.6%,"$3,738.9",-33.1%,"$299,104.5",-,-3,"57,582",-3,-,State Farm Insurance
"$77,867",8.2%,"$20,899",-0.7%,"$153,091","$260,630.1",5,"110,600",5,6,Intel
"$77,155",18.9%,"$3,367",24.4%,"$34,969","$54,087.7",11,"48,700",11,48,Humana
"$73,620",-4.6%,"$5,590",-40.7%,"$155,971","$119,080.3",-4,"364,800",-4,91,International Business Machines
"$70,950",4.8%,"$13,027",234.3%,"$120,700","$333,493.1",7,"99,000",7,127,Procter & Gamble
"$70,372",4.8%,"$7,120",-2.7%,"$92,918","$195,207.7",7,"291,000",7,58,PepsiCo
"$69,217",-0.7%,"$1,286",138.1%,"$73,537","$75,367.8",2,"418,000",2,125,FedEx
"$67,842",-2.6%,"$5,407",-8.3%,"$795,146","$53,762.6",2,"46,500",2,23,MetLife
"$66,228",-11.8%,"$7,326",1.6%,"$2,627,415","$1,332.6",-6,"6,922",-6,256,Freddie Mac
"$65,494",-40.2%,"$-3,975",-229.2%,"$54,721","$35,703.6",-21,"14,300",-21,283,Phillips 66
"$65,398",9.3%,"$6,833",9.7%,"$50,710","$102,984.2",8,"114,000",8,160,Lockheed Martin
"$65,388",-6%,"$-2,864",-125.9%,"$201,549","$334,952.5",-1,"203,000",-1,41,Walt Disney
"$64,355",-0.5%,"$1,772",28.5%,"$49,719","$31,834.5",3,"38,332",3,128,Archer Daniels Midland (ADM)
"$62,455.1",3.2%,$466.4,255.8%,"$24,735.1","$8,877.7",3,"270,000",3,-,Albertsons
"$60,115",-41.5%,"$-1,421",-158.7%,"$51,774","$29,267.2",-21,"9,964",-21,239,Valero Energy
"$58,158",-24%,"$-11,873",-,"$152,136","$148,664.8",-14,"141,000",-14,256,Boeing
"$57,033",-12%,$-374,-108.9%,"$940,722","$36,022.4",-2,"41,671",-2,189,Prudential Financial
"$56,639",-3.6%,"$2,844",-9.8%,"$34,681","$39,579.5",2,"53,000",2,71,HP
"$56,587",-26.6%,"$-3,519",-163.6%,"$162,153","$117,143.9",-18,"181,000",-18,-,Raytheon Technologies
"$54,139.6",64.6%,$169.6,99.3%,"$13,474.9","$1,284.4",42,"2,950",42,454,StoneX
"$53,498",-0.8%,"$9,459",11.7%,"$1,163,028","$116,903",1,"40,500",1,46,Goldman Sachs Group
"$52,893.3",-12%,$215.5,-87.1%,"$22,628.3","$40,189.8",-4,"57,000",-4,115,Sysco
"$52,047",-3.3%,"$10,996",21.6%,"$1,115,862","$146,161.9",-,"68,097",-,47,Morgan Stanley
"$51,533",0.4%,"$3,754",7.1%,"$47,490","$63,458.7",3,"235,000",3,311,HCA Healthcare
"$49,301",-5%,"$11,214",-3.5%,"$94,853","$218,308.5",-,"77,500",-,80,Cisco Systems
"$48,097",5.1%,"$3,222",93.2%,"$144,206","$128,965.7",7,"96,100",7,162,Charter Communications
"$47,994",2.5%,"$7,067",-28.2%,"$91,588","$195,062",4,"73,500",4,35,Merck
"$47,262",8.3%,"$1,798",16.7%,"$19,067","$28,707.7",9,"81,600",9,137,Best Buy
"$46,712.4",5.9%,$-822.3,-181.9%,"$359,312.5",-,6,"11,506",6,186,New York Life Insurance
"$45,804",37.7%,"$4,616",-41.4%,"$150,565","$190,989.4",31,"47,000",31,77,AbbVie
"$45,204",17.5%,"$3,971.8",32.2%,"$28,094.1",-,18,"227,000",18,-,Publix Super Markets
"$44,791",0.3%,"$5,576",15%,"$125,987","$34,800.2",2,"42,010",2,8,Allstate
"$43,796",1.3%,$758,-27.4%,"$145,377",-,6,"45,000",6,230,Liberty Mutual Insurance Group
"$43,736",-12.1%,"$-5,944",-277.5%,"$586,481","$39,848.9",-6,"45,000",-6,343,American International Group
"$43,185",1.8%,"$2,061",4.1%,"$34,456","$27,099.6",6,"139,000",6,220,Tyson Foods
"$42,658.1",9.3%,"$5,704.6",43.7%,"$64,098.3","$55,946.5",12,"43,326",12,16,Progressive
"$42,518",62.6%,"$-9,015",-362.1%,"$118,481","$141,027.9",40,"30,250",40,-,Bristol-Myers Squibb
"$41,929.8",-4.7%,$-138.4,-116.7%,"$256,589.3",-,-2,"25,391",-2,-,Nationwide
"$41,908",-19%,"$9,616",-40.9%,"$154,229","$202,096.9",-13,"78,500",-13,203,Pfizer
"$41,748",-22.4%,"$2,998",-50.8%,"$78,324","$126,439.6",-16,"97,300",-16,139,Caterpillar
"$41,619.3",2.9%,$558.1,-77.3%,"$654,252",-,2,"14,953",2,-,TIAA
"$39,068",-1.1%,"$10,135",-8.6%,"$115,438","$202,337.7",2,"135,000",2,365,Oracle
"$38,954",-28.1%,$-648,-118%,"$95,144","$20,754.7",-22,"11,421",-22,363,Energy Transfer
"$38,542",-10.3%,"$1,225",-,"$61,470","$47,649.7",-4,"35,700",-4,133,Dow
"$38,185",-18.8%,"$3,135",-53.6%,"$191,367","$113,635.8",-16,"63,700",-16,29,American Express
"$37,925",-3.6%,"$3,167",-9.1%,"$51,308","$51,481.9",-1,"100,700",-1,157,General Dynamics
"$37,403",-4.4%,"$2,539",-37%,"$31,342","$209,499.8",-,"75,400",-,12,Nike
"$36,799",8.7%,"$3,189",41.9%,"$44,469","$53,956.7",10,"97,000",10,111,Northrop Grumman
"$36,296.2",1.9%,"$3,906.9",-2.5%,"$200,348.4",-,7,"35,935",7,245,USAA
"$35,540",-9.5%,"$2,751",-15.4%,"$75,091","$117,270",-4,"69,634",-4,168,Deere
"$34,608",8.5%,"$4,495",21.9%,"$72,548","$212,300.1",15,"109,000",15,62,Abbott Laboratories
"$33,782.1",4.6%,$425,-66.5%,"$308,767",-,12,"6,641",12,-,Northwestern Mutual
"$33,746.8",21.6%,"$2,655.1",55%,"$25,862.6","$48,479.7",21,"158,000",21,343,Dollar General
"$33,039",-4.1%,"$1,963",-33.1%,"$129,317","$42,723.5",3,"32,340",3,217,Exelon
"$33,014",-11.4%,"$7,747",-13.2%,"$87,296","$227,143.8",-5,"80,300",-5,262,Coca-Cola
"$32,637",-11.1%,"$4,779",-22.2%,"$64,586","$150,972.4",-2,"103,000",-2,321,Honeywell International
"$32,218",26.1%,"$6,375",72.5%,"$69,052","$179,719.4",24,"84,362",24,278,Thermo Fisher Scientific
"$32,184",0.1%,"$5,384",17.8%,"$47,344","$111,642.1",7,"94,987",7,106,3M
"$32,137",-23%,$90.5,-97.2%,"$30,813.6","$79,774.9",-17,"320,000",-17,36,TJX
"$31,981",1.3%,"$2,697",2.9%,"$116,764","$37,933",8,"30,294",8,173,Travelers
"$31,643",-6.3%,"$2,714",-51.1%,"$421,602","$58,097",-2,"51,985",-2,34,Capital One Financial
"$31,536",28.3%,$721,-,"$52,148","$641,115",24,"70,757",24,172,Tesla
"$28,694",-3.7%,"$8,056",12.1%,"$44,815","$138,302.4",6,"71,000",6,67,Philip Morris International
"$28,673.4",-0.8%,$584.4,-,"$17,053.9","$8,267.5",8,"19,600",8,368,Arrow Electronics
"$28,406.4",-11%,$422.4,-49.1%,"$15,993.9",-,2,"10,493",2,-,CHS
"$27,266.4",7.8%,$53.9,-81.2%,"$14,397.4","$7,833.2",17,"240,000",17,301,Jabil
"$27,199.7",-17%,"$3,775.6",-17.8%,"$64,106.7","$48,038.8",-4,"7,130",-4,451,Enterprise Products Partners
"$26,982",-7.4%,$-322,-130.7%,"$54,015","$20,480",3,"59,400",3,84,Hewlett Packard Enterprise
"$26,742.8",13.9%,$-274.1,-,"$7,587","$1,854.4",26,"28,300",26,178,United Natural Foods
"$26,581",2.8%,"$3,555",-8.1%,"$67,810","$82,651.1",9,"79,000",9,237,Mondelez International
"$26,186",-5.8%,"$2,422",-26.8%,"$52,663","$28,853.2",2,"24,225",2,60,ViacomCBS
"$26,185",4.8%,$356,-81.6%,"$99,830","$48,924.7",12,"38,000",12,236,Kraft Heinz
"$25,509.3",8%,"$1,341.9",62.3%,"$20,696","$26,717.4",20,"129,772",20,112,Dollar Tree
"$25,424",8.8%,"$7,264",-7.4%,"$62,948","$143,704.3",23,"24,300",23,152,Amgen
"$25,241",-7.6%,"$4,959",-28.3%,"$553,905","$83,107.4",-,"68,108",-,185,U.S. Bancorp
"$25,086.3",27.1%,$-114.1,-168.4%,"$7,719.7","$7,705.3",54,"20,000",54,454,Performance Food Group
"$24,996.1",24%,"$2,761.4",47.9%,"$39,280.4","$231,040.7",49,"9,400",49,166,Netflix
"$24,689",10%,$123,-97.7%,"$68,407","$81,372.8",24,"13,600",24,28,Gilead Sciences
"$24,675.6",3.9%,$529.2,5.7%,"$13,468.6","$5,874.5",13,"277,900",13,330,TD Synnex
"$24,539.8",9.9%,"$6,193.7",-25.5%,"$46,633.1","$179,158.9",27,"35,000",27,27,Eli Lilly
"$24,427",66.6%,"$4,482",39%,"$509,228","$78,408.5",98,"53,638",98,42,Truist Financial
"$24,039",11.2%,"$7,517",40%,"$466,679","$74,377.4",31,"50,403",31,-,PNC Financial Services Group
"$23,888",5.7%,"$2,960",8.7%,"$75,933","$189,313.5",17,"21,000",17,320,Broadcom
"$23,826.2",-0.3%,$752,-41.4%,"$18,039.1","$26,549.1",6,"100,000",6,126,CBRE Group
"$23,663.1",-36.5%,$-100.5,-102.7%,"$322,936.3",-,-34,"9,974",-34,-,Massachusetts Mutual Life Insurance
"$23,531",-3.1%,"$5,198",18.5%,"$35,594","$150,622.2",2,"41,000",2,78,Qualcomm
"$23,518",-11.3%,$928.3,-74.2%,"$29,374.5","$128,643.6",-11,"349,000",-11,299,Starbucks
"$23,453",-4.9%,"$1,377",-63.3%,"$162,388","$74,252.5",-3,"27,535",-3,184,Duke Energy
"$23,290",-30.8%,$-568,-271.6%,"$25,951","$1,824.5",-29,"4,400",-29,452,Plains GP Holdings
"$22,885",-11.8%,$-226,-158.7%,"$12,423","$8,427.5",-12,"26,000",-12,343,US Foods Holding
"$22,488.9",1%,"$2,465",33.3%,"$29,935.2","$30,893.2",18,"9,495",18,399,Lennar
"$22,284",8.6%,"$3,646",21.2%,"$76,161","$160,497.2",31,"69,000",31,124,Danaher
"$22,147",-0.7%,"$4,778",44.6%,"$165,086","$35,191.4",15,"12,003",15,63,Aflac
"$21,928.4",1.2%,$-452.2,-,"$9,452.4","$1,129.9",18,"39,920",18,108,Rite Aid
"$21,846",-4.9%,"$10,866",-10%,"$80,919","$452,525.4",4,"20,500",4,14,Visa
"$21,454",20.7%,"$4,202",70.9%,"$70,379","$284,408.3",48,"26,500",48,101,PayPal Holdings
"$21,435",-8.4%,"$2,687",-57.4%,"$53,678","$98,678",-1,"40,000",-1,150,Micron Technology
"$21,424.1",11.9%,$888.4,5.5%,"$21,082.2","$21,562.7",37,"27,050",37,370,CarMax
"$21,252",24.3%,"$4,072",3131.7%,"$66,301","$195,132.3",53,"56,606",53,45,Salesforce
"$20,841",5.3%,"$4,467",-,"$47,414","$95,090.6",29,"7,100",29,114,Altria Group
"$20,712",-7.5%,"$-1,232",-,"$59,394","$14,642.9",4,"39,000",4,343,Lumen Technologies
"$20,705",-13.1%,"$-9,940",-7865.6%,"$38,007","$22,494.8",-11,"55,000",-11,180,Baker Hughes
"$20,580",-8%,$482,-60.7%,"$31,718","$21,240.6",3,"49,300",3,328,International Paper
"$20,523",-1%,"$1,737",-16.7%,"$74,111","$23,863.3",18,"18,500",18,195,Hartford Financial Services Group
"$20,443.9",-11.8%,$543.6,24.7%,"$13,247.2","$6,485.5",-7,"23,600",-7,399,Penske Automotive Group
"$20,397",-5.2%,"$-2,951",-692.6%,"$70,904","$41,308.1",8,"34,000",8,238,DuPont
"$20,390",-4.4%,$381.6,-15.2%,"$9,887.2","$7,683.2",9,"21,600",9,399,AutoNation
"$20,375",-4.9%,"$3,119",-34.2%,"$122,935","$65,678.9",7,"27,700",7,242,Southern
"$20,358.3",-44.7%,$109.6,-38.7%,"$4,500.3","$2,222",-56,"4,300",-56,399,World Fuel Services
"$20,311.1",15.5%,"$2,373.7",46.7%,"$18,912.3","$32,413.1",35,"9,716",35,399,D.R. Horton
"$20,139.7",-10.8%,$721.5,-43.2%,"$20,125.4","$23,975.7",-10,"26,400",-10,399,Nucor
"$19,811",-16%,"$1,789",-20.8%,"$22,624","$37,971.1",-18,"57,825",-18,211,Cummins
"$19,770.9",-17.9%,$-397,-210.3%,"$6,498.7",$263.5,-24,"1,400",-24,-,NGL Energy Partners
"$19,577",-7.6%,"$-5,369",-527.1%,"$26,006","$7,958.6",3,"138,000",3,246,DXC Technology
"$19,533",-10%,"$5,349",-9.6%,"$62,398","$146,948.3",-4,"30,960",-4,96,Union Pacific
"$19,456",-4.7%,"$1,081",-8.7%,"$20,350","$13,831.7",8,"78,000",8,182,Whirlpool
"$19,423",15.4%,$673,-8.7%,"$9,532","$13,647.3",38,"10,500",38,399,Molina Healthcare
"$19,256",-47.5%,"$-2,701",-137.6%,"$62,618","$71,623.4",-63,"9,700",-63,169,ConocoPhillips
"$19,207.8",-8.9%,"$4,730.5",-21.5%,"$52,626.8","$167,112.5",-1,"200,000",-1,81,McDonald's
"$19,140",3.7%,"$2,352",9%,"$17,523","$46,999.8",17,"46,000",17,146,Kimberly-Clark
"$18,728.5",-26.8%,"$1,298.4",-45.6%,"$28,260","$32,255.8",-41,"26,000",-41,399,Paccar
"$18,469",7.8%,"$-1,318",-,"$97,856","$23,240.6",29,"24,000",29,61,PG&E
"$18,467.5",2.4%,$788.5,7%,"$9,344.7","$23,291.8",17,"10,000",17,307,CDW
"$18,361.7",2.6%,"$2,030.4",31.7%,"$20,401.6","$65,837.3",18,"61,031",18,163,Sherwin-Williams
"$18,194",41.5%,"$1,119",-16.1%,"$36,960","$41,664.1",87,"48,000",87,136,L3Harris Technologies
"$18,097",-28.6%,"$-3,944",-799.3%,"$17,706","$5,028.1",-44,"75,711",-44,39,Macy's
"$18,001",-13.7%,$23.8,-94.9%,"$9,328.2","$5,434.2",-7,"25,000",-7,86,ManpowerGroup
"$17,997",-6.3%,"$2,919",-22.6%,"$127,684","$148,304.9",6,"14,900",6,132,NextEra Energy
"$17,640",-4.5%,$399,-,"$27,106","$5,536.5",7,"97,900",7,315,Tenet Healthcare
"$17,634.3",-9.7%,$-31.1,-117.6%,"$8,105.2","$4,128.4",1,"14,600",1,-,Avnet
"$17,626.6",4.5%,"$2,181.2",24.4%,"$30,806.7","$37,403.4",23,"35,000",23,145,General Mills
"$17,578.8",-3.9%,$-690.9,-180.1%,"$28,779.7","$13,716.1",7,"49,300",7,326,WestRock
"$17,456",-,"$1,982",-,"$25,093","$36,701.1",-,"56,000",-,305,Carrier Global
"$17,439",1%,$499,-43.7%,"$365,948","$11,953.2",16,"10,966",16,343,Lincoln National
"$17,384.4",-10.4%,$-29.1,-104.7%,"$13,440.2","$16,691.8",-2,"50,000",-2,274,Genuine Parts
"$17,337",-62.1%,"$-8,885",-627%,"$62,008","$15,328.8",-104,"102,700",-104,68,American Airlines Group
"$17,224",3.4%,"$2,016",15.7%,"$33,049","$62,054.9",20,"76,000",20,117,Marsh & McLennan
"$17,202",17.8%,"$3,619",33.7%,"$22,353","$122,599.5",42,"24,000",42,82,Applied Materials
"$17,117",-1%,$874,-29.1%,"$54,012","$70,649.7",10,"72,000",10,79,Becton Dickinson
"$17,095",-63.6%,"$-12,385",-359.8%,"$71,996","$30,809.7",-110,"74,000",-110,228,Delta Air Lines
"$17,045.5",-14%,$158.5,-79%,"$13,198.6","$10,895.8",-13,"174,600",-13,214,Lear
"$16,940",-18.6%,"$3,617",-18.6%,"$469,633","$41,471",-21,"48,500",-21,15,Bank of New York Mellon
"$16,785",-8.6%,"$1,965",-14.8%,"$22,882","$54,134.7",-5,"83,500",-5,213,Emerson Electric
"$16,736",1%,$-250,-,"$25,662","$20,432",16,"63,800",16,204,Western Digital
"$16,680",-24.1%,"$-14,831",-,"$80,064","$24,848.7",-35,"11,800",-35,279,Occidental Petroleum
"$16,675",52.7%,"$4,332",54.9%,"$28,791","$331,036.6",108,"18,975",108,52,Nvidia
"$16,652",-0.8%,"$1,392",-24.4%,"$16,923","$41,451.6",9,"289,500",9,183,Cognizant Technology Solutions
"$16,589.9",-7.7%,$402.5,-24.8%,"$14,316.5","$9,150.9",-7,"90,800",-7,103,Jones Lang LaSalle
"$16,472",-15.4%,"$1,385",-63%,"$95,948","$23,740.6",-17,"16,500",-17,264,Synchrony Financial
"$16,471",5%,"$2,695",13.9%,"$15,920","$66,810.3",15,"34,200",15,153,Colgate-Palmolive
"$16,390.8",-18.8%,$-186.4,-,"$12,999","$9,469.8",-26,"54,000",-26,241,AECOM
"$16,252",-2.4%,$110,-73.7%,"$16,169","$12,601.7",6,"119,750",6,377,XPO Logistics
"$16,207.1",5.9%,$506.4,-12.2%,"$5,144.3","$12,514.9",17,"14,888",17,209,C.H. Robinson Worldwide
"$16,205",11.5%,"$4,932",10.2%,"$176,982","$115,079.8",27,"16,500",27,22,BlackRock
"$16,128",-2.7%,$-401,-129.5%,"$95,905","$61,224",4,"17,300",4,232,Dominion Energy
"$15,980.7",204.3%,$198,-,"$37,534.6","$45,821",-,"24,000",-,272,Rocket Companies
"$15,955",-20.1%,$-163,-123.6%,"$15,337","$9,394.1",-30,"73,000",-30,256,Kohl's
"$15,884.2",-9.6%,$-435,-,"$7,309.8","$3,252.4",-15,"43,717",-15,384,Fluor
"$15,493.4",21%,"$1,762.7",25.9%,"$38,239.9","$19,048.2",54,"13,500",54,385,DISH Network
"$15,430",17%,$421,124.9%,"$5,411.5","$6,156.5",45,"32,000",45,399,BJ's Wholesale Club
"$15,379",-11.9%,"$-1,521",-,"$11,852",$875.7,-14,"73,000",-14,276,Tenneco
"$15,355",-64.5%,"$-7,069",-334.9%,"$59,548","$18,325.1",-124,"74,400",-124,386,United Airlines Holdings
"$15,301",-9.4%,"$6,411",-21%,"$33,584","$353,686.7",-10,"21,000",-10,32,Mastercard
"$15,218",-1.5%,"$1,496",-10.4%,"$29,345","$54,451.7",5,"48,250",5,83,Waste Management
"$15,115.9",-38.3%,"$-1,392.4",-535.9%,"$10,499.8","$1,699.5",-78,"3,729",-78,399,PBF Energy
"$14,918.5",-4.1%,"$2,200.1",14.5%,"$80,757.2","$42,067.3",-,"16,787",-,122,American Electric Power
"$14,852",45.8%,$958,7.3%,"$74,619","$79,692.5",106,"44,000",106,343,Fiserv
"$14,741.7",-9.1%,"$1,395.8",0.1%,"$296,627.7","$16,345.9",-5,"17,400",-5,121,Principal Financial
"$14,596",2.1%,$415,-52.3%,"$84,656","$8,568",18,"3,600",18,231,Reinsurance Group of America
"$14,589.8",2.9%,"$2,466.5",7.6%,"$39,165.5","$80,653.9",19,"58,000",19,131,Automatic Data Processing
"$14,534.6",0.6%,"$1,233.8",29.1%,"$23,566.3","$32,152.4",11,"58,350",11,296,Stanley Black & Decker
"$14,461",0.5%,"$5,595",11.5%,"$19,351","$174,439.3",12,"30,000",12,138,Texas Instruments
"$14,445",-35.5%,"$-2,945",-,"$20,680","$19,070.1",-69,"40,000",-69,248,Halliburton
"$14,351",-3.6%,"$1,599",-23.2%,"$34,330","$91,665.1",2,"43,000",2,256,Stryker
"$14,294",-3.8%,$684,-61.7%,"$17,781","$105,508.6",2,"48,000",2,21,Est√©e Lauder
"$14,217",2.7%,$681,-,"$42,649","$34,528.5",20,"21,000",20,343,Corteva
"$14,198",-1.4%,$599,-,"$42,144","$48,027.8",6,"24,500",6,302,Freeport-McMoRan
"$14,177",5.3%,"$1,204",-,"$16,999","$4,880.5",23,"26,424",23,-,Qurate Retail
"$14,145.2",55%,$185,-,"$4,569.9","$32,644.7",131,"16,122",131,399,Wayfair
"$13,978.5",21%,"$1,556.1",88.9%,"$20,071.7","$24,890.9",56,"68,780",56,343,Laboratory Corp. of America
"$13,948.9",0.4%,$264.9,28.7%,"$9,186",-,13,"9,000",13,-,Land O'Lakes
"$13,834",-8.7%,"$1,059",-14.8%,"$19,556","$35,603.6",-11,"46,900",-11,341,PPG Industries
"$13,800",-15.8%,$-665,-289.5%,"$13,769","$11,164.9",-22,"117,000",-22,4,Gap
"$13,770",1.4%,"$1,251",30.3%,"$17,996","$21,544.5",15,"31,000",15,268,Kellogg
"$13,695.5",-4.4%,"$1,206.3",-20.2%,"$19,738.2","$40,716.1",1,"50,520",1,399,Parker-Hannifin
"$13,617.1",2.2%,$63.2,9.5%,"$1,954.7","$1,747.3",16,"7,534",16,399,Core-Mark Holding
"$13,578.2",-12.2%,$491.8,-42%,"$12,354.4","$16,816.2",-19,"53,500",-19,199,Jacobs Engineering Group
"$13,578",10%,$739,-42.4%,"$69,372","$22,229.3",33,"13,209",33,38,Edison International
"$13,561.5",0.6%,$23.5,-96.5%,"$85,424.7",-,11,"8,871",11,-,Guardian Life Ins. Co. of America
"$13,444.6",-6.5%,"$4,000.6",-32.1%,"$24,618.9","$42,615.9",-5,"9,100",-5,5,Biogen
"$13,171.1",-11.9%,$945.4,-29.4%,"$27,647.2","$15,946.2",-18,"64,100",-18,53,Omnicom Group
"$13,162.1",9.7%,$793,-27.9%,"$70,625.8","$5,669.8",36,"10,500",36,149,Unum Group
"$13,124.3",3.6%,$470.3,73.2%,"$7,902.1","$10,467",21,"14,538",21,285,Lithia Motors
"$13,074.5",3.5%,$403.2,-11.6%,"$33,941.8",-,22,"13,225",22,-,American Family Insurance Group
"$12,953",-7.4%,"$1,141",-61.4%,"$112,889","$29,099.7",-2,"17,600",-2,24,Discover Financial Services
"$12,868",15.2%,"$5,260",78.2%,"$24,284","$227,226.9",51,"22,516",51,73,Adobe
"$12,829.6",-20.9%,$-461.5,-202.9%,"$15,712.7","$9,595.3",-35,"209,325",-35,314,Aramark
"$12,756",-,$906,-,"$10,710","$29,418.4",-,"69,000",-,140,Otis Worldwide
"$12,748.7",-14.5%,"$-1,205.1",-177.3%,"$18,126","$61,240.7",-24,"44,000",-24,147,Ecolab
"$12,632",6.5%,"$1,733",7.2%,"$14,423.9","$30,946.3",30,"80,000",30,90,AutoZone
"$12,583",-15.7%,$-931,-199.9%,"$80,236","$13,698.3",-27,"12,200",-27,399,Loews
"$12,574",-10.9%,"$2,109",-16.3%,"$15,612","$70,106.7",-11,"43,000",-11,107,Illinois Tool Works
"$12,552",21.5%,$158,-47%,"$83,842","$87,336.9",62,"62,000",62,229,Fidelity National Information Services
"$12,531.6",-21.9%,$85.4,-94.9%,"$12,717.9","$42,750.7",-40,"93,700",-40,273,Ross Stores
"$12,463",21.2%,$826,97.1%,"$6,440",-,64,"27,000",64,-,Peter Kiewit Sons'
"$12,415",29.4%,$-648,-,"$275,397","$14,207.5",89,"12,400",89,94,Equitable Holdings
"$12,326",47.5%,$100.6,-55%,"$11,880.2","$4,340.5",134,"18,000",134,322,WESCO International
"$12,321",-16.4%,"$-1,254",-,"$16,506","$4,099.1",-30,"62,000",-30,343,Goodyear Tire & Rubber
"$12,303",8%,$999,-37.4%,"$21,750","$21,022.2",33,"9,000",33,102,Fox
"$12,297",10.8%,$628,-5.8%,"$12,511","$13,608.8",41,"39,000",41,280,Leidos Holdings
"$12,246",-2.6%,"$1,101",-18%,"$62,895","$25,613",7,"14,071",7,70,Consolidated Edison
"$12,177",-3.9%,"$1,368",17%,"$45,496","$25,792.8",3,"10,600",3,154,DTE Energy
"$12,109",2.7%,"$3,299",-10.9%,"$549,009","$122,691.2",20,"32,000",20,218,Charles Schwab
"$12,078",-8%,"$2,420",7.9%,"$314,706","$29,553.6",-8,"39,439",-8,30,State Street
"$11,958",-8.7%,"$1,534",-19%,"$165,883","$27,103.5",-8,"12,300",-8,275,Ameriprise Financial
"$11,946",-,$-669.9,-,"$61,553","$16,862.9",-,"45,000",-,167,Viatris
"$11,940",-4%,"$3,932",79%,"$66,623","$40,132.8",3,"14,706",3,43,Sempra Energy
"$11,869.7",-5.7%,$-116.4,-310.5%,"$17,853.3",-,-1,"10,004",-1,-,Farmers Insurance Exchange
"$11,846.9",-8.3%,$844.5,-,"$11,571","$17,247.5",-9,"57,350",-9,307,Bath & Body Works
"$11,797",2.7%,$695,-18.1%,"$6,295","$20,985.1",20,"22,450",20,74,W.W. Grainger
"$11,789",-10.8%,$511,-,"$16,006","$1,752.4",-18,"62,500",-18,288,Community Health Systems
"$11,781",2.7%,$585,3.4%,"$18,252","$27,800.5",19,"21,500",19,225,Ball
"$11,709",31.9%,$559,38.4%,"$16,701","$8,221.1",97,"47,000",97,300,Berry Global Group
"$11,700",-11.4%,$119,-94.6%,"$71,973","$37,703.1",-20,"10,524",-20,271,Kinder Morgan
"$11,688.1",-15.7%,$679.4,-46.1%,"$11,133.3","$31,305.8",-30,"48,000",-30,50,VF
"$11,673",2.7%,"$1,102",10.1%,"$20,019","$42,656.8",18,"50,000",18,40,Baxter International
"$11,651",-14.5%,$309,-62.1%,"$15,443","$12,726",-29,"33,000",-29,159,Textron
"$11,628.8",-7%,$638.4,18%,"$12,360.5","$12,801.2",-9,"44,000",-9,392,LKQ
"$11,618",4.5%,"$1,325",5.7%,"$49,779","$48,367.8",21,"27,000",21,335,Keurig Dr Pepper
"$11,604.5",14.3%,"$1,752.3",26%,"$11,596.6","$35,460.8",46,"70,179",46,399,O'Reilly Automotive
"$11,575",-0.8%,$579,13.5%,"$16,670","$13,091.9",3,"33,264",3,393,Crown Holdings
"$11,558.9",1.6%,$944,15.8%,"$13,476.9","$11,350.6",11,"78,550",11,399,Universal Health Services
"$11,550.6",-18.1%,$773.6,-4.6%,"$16,988.5","$11,790",-41,"67,000",-41,135,DaVita
"$11,526",-,"$1,473",7.4%,"$53,957","$35,759",4,"11,367",4,219,Xcel Energy
"$11,497",18%,"$2,829",0.9%,"$41,369","$48,282.7",55,"14,300",55,277,Newmont
"$11,443",-3.1%,$636,-31.5%,"$25,208","$8,512",-4,"5,365",-4,224,Vistra
"$11,359",2.4%,$279,46.1%,"$24,564","$37,034.4",15,"70,000",15,254,IQVIA Holdings
"$11,351",5.1%,"$5,667",217.3%,"$19,310","$41,670.5",19,"12,700",19,113,eBay
"$11,303",-1.7%,$512,-46.7%,"$30,775","$33,466.3",-,"50,110",-,249,Corning
"$11,202.7",-7.5%,$445.6,10.8%,"$8,398.3","$12,173.4",-17,"35,800",-17,399,Quanta Services
"$11,183.6",-36%,$-601.4,-177.9%,"$11,506.9","$5,811.2",-95,"3,891",-95,399,HollyFrontier
"$11,158.6",-7.2%,$-613.8,-,"$7,790.5","$3,533.4",-15,"55,000",-15,364,Bed Bath & Beyond
"$11,139",-21.3%,"$-6,768",-,"$33,252","$101,438",-53,"22,800",-53,37,Uber Technologies
"$11,098.4",6.1%,$698.1,157.2%,"$47,294",-,18,"5,526",18,-,Mutual of Omaha Insurance
"$11,054.4",15.9%,$840.1,23.9%,"$22,304","$18,370.6",51,"16,500",51,289,Conagra Brands
"$11,036.1",8.1%,"$1,406.8",38.4%,"$12,205.5","$13,869.1",25,"5,249",25,399,PulteGroup
"$11,032",-36.5%,$-604.6,-122.1%,"$35,804.6","$42,331.9",-99,"2,900",-99,324,EOG Resources
"$10,851.8",-9.9%,$286.5,64.7%,"$5,089.4","$2,855.3",-22,"12,337",-22,399,Group 1 Automotive
"$10,780",-7.2%,"$1,085",-36.7%,"$182,165","$16,875.6",-14,"9,500",-14,222,Ally Financial
"$10,778",27.3%,"$1,427",34.4%,"$50,455","$11,838.9",87,"27,058",87,318,Fidelity National Financial
"$10,715",-31%,$-690,-239.1%,"$9,538","$5,974.8",-84,"62,000",-84,49,Nordstrom
"$10,671",-4.2%,"$1,219",-41.1%,"$34,087","$19,355.9",-3,"9,800",-3,317,Discovery
"$10,620.4",27.2%,$749,33.2%,"$7,049.1","$20,576.8",89,"32,000",89,251,Tractor Supply
"$10,583",-11.3%,"$2,765",-17%,"$39,793","$73,230.6",-25,"19,282",-25,378,CSX
"$10,571",-49.6%,$-267,-121%,"$24,701","$48,220.2",-136,"121,000",-136,31,Marriott International
"$10,435",-3.8%,"$1,079",18.3%,"$44,464","$18,871.6",-,"12,153",-,379,FirstEnergy
"$10,165",-,$500,-33%,"$16,029","$11,081",17,"49,700",17,295,BorgWarner
"$10,165",6.7%,"$1,285",17.7%,"$28,320",-,41,"50,000",41,293,Jones Financial (Edward Jones)
"$10,153.6",-1.4%,$967.2,-9.9%,"$23,434","$31,682.5",8,"35,000",8,304,Republic Services
"$10,119.1",-1.8%,$403.8,-41.9%,"$7,772.5","$9,850.7",6,"19,000",6,298,Henry Schein
"$10,116.5",23.7%,$696.1,17.9%,"$4,927.5","$18,166.7",90,"17,480",90,399,Expeditors Intl. of Washington
"$10,113.6",-7%,"$1,388.3",11.9%,"$58,239.2","$20,000.3",-7,"13,400",-7,371,Entergy
"$10,106.3",4.1%,$493,1.3%,"$11,839.6","$12,006.1",29,"54,000",29,338,Advance Auto Parts
"$10,094.8",0.1%,$441.8,15.5%,"$44,649.9","$8,208.9",13,"13,850",13,97,Assurant
"$10,062",-15.1%,$-671,-192.6%,"$190,672",-,-34,"4,083",-34,-,Pacific Life
"$10,044.7",4.1%,"$2,251.8",2.8%,"$14,559","$85,064.7",27,"11,300",27,227,Lam Research
"$9,913",-7.7%,$-82,-101.7%,"$30,777","$54,903",-9,"38,000",-9,59,Boston Scientific
"$9,894.6",1.4%,$436.2,213.9%,"$33,376.7","$15,393.7",21,"8,900",21,399,Altice USA
"$9,789",-13.3%,"$2,013",-26%,"$37,962","$67,418",-24,"20,156",-24,234,Norfolk Southern
"$9,767",-6.6%,$-51.4,-135.7%,"$3,746","$2,038",-7,"8,100",-7,454,Sonic Automotive
"$9,763",45%,"$2,490",630.2%,"$8,962","$95,346.7",139,"12,600",139,313,Advanced Micro Devices
"$9,741",-24.7%,"$-1,165",-,"$12,059","$7,034",-63,"23,350",-63,343,United States Steel
"$9,735.1",2.2%,$816,-54.4%,"$41,710.1","$15,699.6",24,"18,900",24,343,Markel
"$9,710",-8.8%,$-319,-422.2%,"$5,558","$2,317.1",-15,"37,000",-15,340,ODP
"$9,660",-5.2%,$46,-84.8%,"$34,603","$18,180.2",-3,"8,162",-3,284,AES
"$9,654",-8.7%,$-949,-492.6%,"$27,331.1","$11,118.2",-16,"17,000",-16,282,Molson Coors Beverage
"$9,636.6",5.1%,$506,-2%,"$5,928.3","$17,765.8",31,"30,309",31,343,J.B. Hunt Transport Services
"$9,629.7",5.6%,"$2,002.5",-0.1%,"$79,806.5","$42,352.6",33,"1,583",33,-,KKR
"$9,608.5",1.2%,$908.1,-7.2%,"$9,908.3","$25,808.3",20,"19,100",20,92,Hormel Foods
"$9,603",-4.7%,"$1,905",12.5%,"$50,050","$30,411.7",-1,"12,788",-1,247,Public Service Enterprise Group
"$9,601.5",-8.3%,$550.8,-17.9%,"$9,265.6","$10,721.5",-20,"9,625",-20,398,Steel Dynamics
"$9,584",9.5%,$530.3,78.3%,"$7,752.9","$6,798.8",42,"33,450",42,192,Dick's Sporting Goods
"$9,552.2",-4.2%,$515.6,-30.7%,"$14,327.8","$13,505.2",-,"42,000",-,376,Mohawk Industries
"$9,504.3",-21.5%,$386.1,149.4%,"$2,685.7","$3,900.8",-60,"7,400",-60,399,Murphy USA
"$9,497.6",101.5%,$213.1,-43.2%,"$9,869.6","$103,220.3",252,"5,477",-,191,Block
"$9,437",22.1%,"$1,431",66.8%,"$14,026","$17,127.6",86,"44,500",86,75,Quest Diagnostics
"$9,385",-6.9%,$-770,-822.3%,"$14,700","$11,390.4",-9,"31,000",-9,104,Newell Brands
"$9,363",-9%,"$-1,421",-1440.6%,"$44,004","$14,919.2",-20,"7,047",-20,325,Liberty Media
"$9,361",5.2%,$696,26.8%,"$8,157","$8,295.7",30,"42,000",30,343,Huntington Ingalls Industries
"$9,358",-3.8%,$-85,-113.1%,"$35,697","$18,256.6",1,"1,519",1,141,Cheniere Energy
"$9,348.5",9.5%,$75.9,1222.1%,"$2,277.4",$709.3,41,"14,400",41,170,SpartanNash
"$9,286",-11%,$-170,-,"$14,860","$6,053.6",-28,"12,900",-28,194,Alcoa
"$9,149.7",1.2%,$427.1,241.1%,"$8,504.2","$10,815.9",19,"21,426",19,399,AGCO
"$9,133",2.1%,$-206,-,"$180,518","$7,878.5",21,"5,970",21,148,Voya Financial
"$9,093",-7.9%,$510,-88.5%,"$14,902","$9,232.1",-9,"4,104",-9,266,NRG Energy
"$9,061",-11.4%,$351.1,-46.5%,"$18,042.7","$11,407.8",-26,"50,200",-26,-,Interpublic Group
"$9,050",-8.7%,"$1,628",671.6%,"$12,372","$15,232.3",-13,"14,500",-13,76,Campbell Soup
"$9,048",-59.7%,"$-3,074",-233.7%,"$34,588","$36,066.8",-195,"56,537",-195,208,Southwest Airlines
"$9,008",-10.6%,"$-1,269",-918.7%,"$14,261","$14,628.8",-19,"23,500",-19,399,News Corp.
"$8,904.4",4.4%,"$1,205.2",32.6%,"$46,099.6","$29,728.2",33,"9,299",33,193,Eversource Energy
"$8,896.7",-1.6%,$101.8,-88.1%,"$28,927","$8,750.3",12,"10,407",12,372,Alleghany
"$8,856.3",-0.7%,"$1,886.7",7.2%,"$25,168.5","$62,254",15,"19,138",15,93,Air Products & Chemicals
"$8,853.2",-11.5%,$829.4,-38.7%,"$29,755.6",-,-21,"6,329",-21,-,Auto-Owners Insurance
"$8,835",-28.2%,$-773,-197.7%,"$33,471","$12,493.3",-82,"9,541",-82,369,CenterPoint Energy
"$8,811.9",-19.7%,$369.1,-47.4%,"$8,106.8","$9,685.9",-52,"13,000",-52,399,Reliance Steel & Aluminum
"$8,797.1",-4.1%,$132.9,-59.1%,"$5,063.8","$6,146",-,"33,000",-,399,EMCOR Group
"$8,706.9",-9.8%,$29.9,-,"$3,335.6","$2,763",-13,"18,800",-13,399,Owens & Minor
"$8,681.7",-2.5%,$666.1,-,"$19,789.8","$11,983.1",10,"12,617",10,267,Mosaic
"$8,666",2.6%,"$1,173.1",112.9%,"$25,381.1",-,29,"5,849",29,-,Erie Insurance Group
"$8,658",-0.3%,$178,-48.1%,"$105,747","$1,679.2",16,"3,000",16,307,Genworth Financial
"$8,598.9",4.5%,"$1,203.4",4.2%,"$12,327.3","$39,526.2",37,"80,000",37,210,Amphenol
"$8,558.9",17.6%,$313.5,41.4%,"$4,173.7","$9,572.2",75,"26,000",75,399,Builders FirstSource
"$8,542.2",-16%,$612.8,-52.1%,"$23,078.8","$22,542.9",-38,"2,886",-38,202,Oneok
"$8,530",-8.8%,$890,-24.2%,"$17,868","$23,819",-12,"18,250",-12,233,United Rentals
"$8,503",29.7%,"$-1,061",-,"$247,869","$3,866.5",104,"1,400",104,399,Brighthouse Financial
"$8,497.1",8.1%,"$3,513.2",66%,"$17,163.3","$50,688.4",51,"9,123",51,174,Regeneron Pharmaceuticals
"$8,473",-8.6%,$478,-37%,"$16,083","$15,033.2",-12,"14,500",-12,171,Eastman Chemical
"$8,435.9",1.1%,$-573.4,-,"$13,576.8","$3,124.2",25,"30,000",25,235,CommScope Holding
"$8,420.1",-5.7%,$-122.3,-,"$12,932","$4,072",-3,"39,000",-3,399,Ryder System
"$8,402",-14.2%,"$1,427",-43.2%,"$204,680","$26,628.6",-33,"19,872",-33,177,Fifth Third Bancorp
"$8,343.5",2.8%,$-11.8,-100.3%,"$27,323.2","$44,247.5",33,"9,000",33,386,Constellation Brands
"$8,340.6",7.9%,$172.6,8.3%,"$4,310.7","$3,349.5",49,"11,006",49,292,Insight Enterprises
"$8,321.6",-36.4%,$102.2,185%,"$2,540.5",$726.1,-115,"2,958",-115,399,Global Partners
"$8,265",-12.5%,$52.9,-,"$6,355","$3,650.6",-23,"9,457",-23,373,Univar Solutions
"$8,263",-5.8%,$784,10%,"$10,875","$24,892.3",-2,"271,000",-2,294,Yum China Holdings
"$8,260.3",-4.7%,"$-1,553.9",-,"$15,875.7","$7,259.8",1,"2,372",1,366,Targa Resources
"$8,244",25.9%,"$2,089",8.1%,"$126,200","$62,843.7",94,"8,890",94,297,Intercontinental Exchange
"$8,208.4",0.5%,$7.7,-57.9%,"$4,272.1",$921.9,24,"2,294",24,454,Andersons
"$8,168",1.8%,$818,-20.9%,"$47,482","$16,877.9",29,"14,800",29,386,Raymond James Financial
"$8,167.9",3.9%,$223,67.3%,"$5,771.5","$7,460",36,"22,250",36,374,Thor Industries
"$8,152.7",-5.3%,$637,-34.2%,"$110,151.7",-,-1,"3,386",-1,-,Thrivent Financial for Lutherans
"$8,149.7",2%,"$1,278.7",11.2%,"$9,131.8","$32,765.3",28,"16,040",28,69,Hershey
"$8,112.3",-3%,$263.8,29.4%,"$3,943.9","$7,987.6",7,"27,218",7,256,Casey's General Stores
"$8,098.9",2.5%,$530.7,-22.2%,"$28,606.9","$13,364.2",30,"7,495",30,130,W.R. Berkley
"$8,086",24.6%,"$2,197",46.2%,"$23,109","$72,052.1",90,"9,500",90,399,Activision Blizzard
"$8,057.9",1.7%,$204.4,-16.5%,"$57,595.4",-,27,"2,729",27,-,Western & Southern Financial Group
"$8,041.5",6.1%,"$1,690.6",-10.4%,"$47,233.5","$106,234.5",39,"5,618",39,367,American Tower
"$7,909",-4%,$732,-18.4%,"$73,566","$9,858.2",7,"7,300",7,399,American Financial Group
"$7,806.9",-8.3%,$-52.4,-107.3%,"$9,946.1","$18,506.6",-5,"177,895",-5,334,Darden Restaurants
"$7,801",-0.5%,$779.5,51.5%,"$16,970.4","$13,865.9",29,"7,300",29,164,J.M. Smucker
"$7,719",-5.9%,$211,-75.2%,"$44,165","$28,777.6",8,"4,739",8,216,Williams
"$7,679",13.2%,"$1,826",17.3%,"$10,931","$104,897.1",65,"11,950",65,55,Intuit
"$7,676",-4.8%,"$1,057",-41%,"$183,349","$18,768.4",14,"17,584",14,143,Citizens Financial Group
"$7,607",-2.1%,"$1,469",-15.9%,"$48,116","$22,177.5",26,"12,318",26,240,PPL
"$7,566",1.9%,$901.2,2.6%,"$5,777.1","$17,318",34,"6,100",34,330,NVR
"$7,556.1",-7.9%,$414.4,26.8%,"$18,454.5","$14,953",4,"27,000",4,158,Westinghouse Air Brake Technologies
"$7,548",-5.7%,$323,-34.2%,"$7,043","$5,809.4",12,"33,522",12,196,Foot Locker
"$7,536.3",-4.9%,"$1,216.4",-39.1%,"$27,541.7","$16,601.6",14,"5,266",14,198,Cincinnati Financial
"$7,532",14.9%,$797,-,"$16,311","$26,655.3",70,"9,372",70,396,Weyerhaeuser
"$7,504",-7.6%,$330,-21.6%,"$13,835","$11,350.4",3,"9,220",3,399,Westlake Chemical
"$7,503",-33.3%,$-347,-257%,"$6,637","$4,390.5",-105,"12,100",-105,399,Navistar International
"$7,501.5",4.8%,$382.3,583.9%,"$3,359.9","$2,421",42,"9,000",42,399,Magellan Health
"$7,463.8",11.3%,$482.6,15.3%,"$4,794","$11,089.5",59,"27,200",59,187,Booz Allen Hamilton Holding
"$7,447.4",-12.9%,$186.9,-59.5%,"$8,156.8","$8,112.8",-23,"64,716",-23,380,Autoliv
"$7,442",11.1%,"$2,339",10.2%,"$12,537","$85,001.6",58,"23,000",58,129,S&P Global
"$7,423.6",51.1%,$584.5,35.7%,"$44,201.5","$59,484.3",159,"24,000",-,399,Global Payments
"$7,414",-6%,$949,9.3%,"$10,876","$31,785.8",8,"18,000",8,212,Motorola Solutions
"$7,337",-4.6%,"$1,343",-21.8%,"$170,336","$19,182",15,"16,826",15,99,KeyCorp
"$7,301.8",-21.5%,$-608,-295.8%,"$6,134.1","$1,609",-55,"3,532",-55,399,Delek US Holdings
"$7,289",-11.5%,"$1,224",30.9%,"$5,777","$15,208.8",-14,"18,000",-14,-,Masco
"$7,265.7",-3.4%,$121.8,-15.7%,"$2,551.2",-,16,"8,200",16,-,Graybar Electric
"$7,241.7",-3.7%,"$1,199.9",5.8%,"$37,028.1","$29,521.5",16,"7,273",16,312,WEC Energy Group
"$5,354",169.1%,$-122,-141.7%,"$16,771","$10,033",-,"25,000",-,-,Cleveland-Cliffs
"$5,339",3.4%,$719,-32.9%,"$9,627","$38,739.2",35,"16,400",-,-,Agilent Technologies
"$5,318.8",19.5%,$108.4,-,"$5,045.6",$964.8,97,"8,700",-,-,Tutor Perini
"$5,314.8",3.7%,$-632.2,-,"$16,116.9","$6,893.6",37,"20,500",-,-,ADT
"$5,274.2",-1.4%,$570.6,60.3%,"$17,426.1","$41,794.8",17,"18,000",-,-,Microchip Technology
"$5,271.1",3.9%,$294.9,8.2%,"$4,528.4","$3,108",38,"28,000",-,-,Michaels
"$5,259",-62.9%,$261,-44.5%,"$11,443","$13,932",-281,"19,700",-,-,Howmet Aerospace
"$5,258",-46.2%,"$-1,714",-,"$16,908",$268.7,-182,"24,000",-,-,Hertz Global Holdings
"$5,255",-4.8%,$234.2,10.6%,"$8,668","$17,138.4",3,"32,750",-,-,ON Semiconductor
"$5,238",-7.4%,$817,-42.1%,"$123,038","$16,071.9",-10,"15,578",-,-,Huntington Bancshares
"$5,237.4",-2.5%,$207.5,-28.9%,"$5,277.3","$6,367.8",6,"20,000",-,-,Sonoco Products
"$5,225",0.9%,$226,86.8%,"$12,525","$2,625.8",24,"9,200",-,-,Telephone & Data Systems
"$5,210",-38.6%,-,-,"$6,584","$4,248.2",-140,"1,300",-,-,Chesapeake Energy
"$5,205.7",3.3%,$409.9,-22.8%,"$14,341.9","$5,229.2",31,"9,500",-,-,Kemper
"$5,199",-56.9%,"$-2,612",-562.3%,"$18,690","$24,762",-252,"19,100",-,-,Expedia Group
"$5,182",-6.1%,$699,-21.4%,"$18,395","$32,152.7",-3,"14,200",-,-,TransDigm Group
"$5,162.1",-60%,"$-1,032.7",-150.4%,"$36,494.9","$18,805.2",-268,"48,500",-,-,MGM Resorts International
"$5,154",16.7%,$246.8,37.4%,"$2,404.9","$4,683.3",88,"12,000",-,-,UFP Industries
"$5,109",-15.9%,$306.3,-32.6%,"$2,557.4","$8,831.7",-37,"13,000",-,-,Robert Half International
"$5,091",-30.9%,"$-2,680",-,"$9,912","$14,707.2",-101,"1,400",-,-,Devon Energy
"$5,089.8",-21.3%,$-215.3,-,"$2,472.6","$13,275.2",-57,"22,000",-,-,GameStop
"$5,084.2",-1.1%,$363.2,-20.3%,"$13,555.7","$34,741.5",18,"13,700",-,-,International Flavors & Fragrances
"$5,071",1.7%,$37,2.8%,"$5,610","$4,043.7",25,"14,700",-,-,Resideo Technologies
"$5,054.9",6%,$269.6,9.6%,"$2,484.3","$10,068.2",42,"5,800",-,-,Watsco
"$5,050.6",24.6%,$338.1,179.7%,"$5,022.3","$5,769.6",114,"29,050",-,-,Amkor Technology
"$5,007.4",3.7%,$172.5,1416.4%,"$3,222.5","$2,706.9",36,"14,900",-,-,Coca-Cola Consolidated
"$4,969",-10.1%,$219,-,"$7,082","$4,610.6",-16,"6,500",-,-,Chemours
"$4,961.4",-17.7%,$-652.1,-201.4%,"$7,924.2","$11,449.7",-43,"14,850",-,-,Tapestry
"$4,938.6",286.3%,"$3,382.5",715%,"$11,493.5","$12,729",-,"7,500",-,-,UWM Holdings
"$4,921.9",9.6%,$308.7,59.3%,"$6,511.6","$4,625.7",65,"15,610",-,-,Silgan Holdings
"$4,920.2",11%,$-26.5,-,"$6,075.7","$6,692.4",-,"27,081",-,-,Petco Health and Wellness
"$4,913.4",-4.6%,$618.3,-7.7%,"$27,114.8","$13,512.9",7,"5,133",-,-,Evergy
"$4,910.2",100.3%,$-33.3,-120.9%,"$16,058.6","$20,607.4",348,"15,900",-,-,Ingersoll Rand
"$4,903.2",2.3%,$502.9,91.2%,"$6,083.8","$7,098.4",30,"16,500",-,-,Sealed Air
"$4,895.8",12.3%,$785.9,27.6%,"$7,414.5","$21,408.4",76,"5,100",-,-,Church & Dwight
"$4,894",3.1%,$730,-14.6%,"$22,471","$7,217.2",34,"8,300",-,-,OneMain Holdings
"$4,883.6",0.3%,"$2,105.2",-0.5%,"$124,659.6","$73,330",21,"4,370",-,-,CME Group
"$4,876",-7.1%,$254,-36.7%,"$8,750","$18,932.7",-8,"16,150",-,-,Xylem
"$4,856.8",-1.5%,$584.5,-5.4%,"$11,686.9","$22,387",12,"8,847",-,-,Vulcan Materials
"$4,846",-20.8%,$-13.9,-141.7%,"$3,443.9",$395.3,-60,"16,374",-,-,TravelCenters of America
"$4,835",-8.6%,$744.3,-29.7%,"$9,496.3","$10,133.3",-13,"11,000",-,-,Western Union
"$4,827.3",-1.4%,$358.7,-15.6%,"$13,443.7","$4,709.8",12,"4,300",-,-,Hanover Insurance Group
"$4,804",-26.2%,"$-3,093",-,"$18,821","$21,722.4",-82,"1,621",-,-,Hess
"$4,737.9",4.6%,$731.8,-3.8%,"$29,046.7","$11,203.5",48,"3,261",-,-,Globe Life
"$4,735.9",-18.5%,$114.9,-18.9%,"$2,985.4","$2,685.6",-53,"6,307",-,-,Rush Enterprises
"$4,729.9",-0.2%,$721,17.8%,"$10,580.8","$20,917.1",26,"8,700",-,-,Martin Marietta Materials
"$4,710.8",-27.9%,$-561.3,-,"$5,916.3","$1,100.4",-87,"20,000",-,-,American Axle & Manufacturing
"$4,688.9",-8.3%,-,-,"$9,421.1",-,-5,"11,945",-,-,Windstream Holdings II
"$4,681.7",-10.1%,$-17.6,-104.6%,"$22,040.5","$9,447.7",-16,"7,345",-,-,NiSource
"$4,681.5",16.1%,$153.7,221.4%,"$6,293.8","$13,260.2",91,"26,000",-,-,PPD
"$4,673.9",-3.5%,$410,32.6%,"$8,468","$7,966.1",9,"22,800",-,-,Knight-Swift Transportation Holdings
"$4,667.9",0.8%,$625.2,42.6%,"$15,923.6","$18,005.2",28,"24,600",-,-,SS&C Technologies Holdings
"$4,647",-11%,$-127,-251.2%,"$4,856","$1,856.2",-21,"6,600",-,-,Domtar
"$4,644.4",0.9%,$284.2,-20.8%,"$6,445.9","$8,129.9",29,"35,536",-,-,Encompass Health
"$4,642.1",-0.4%,$551.5,15.5%,"$10,186.4","$14,325",23,"6,400",-,-,FMC
"$4,634.4",-36.7%,"$1,613.3",118.3%,"$16,051.5","$23,881.5",-134,"17,000",-,-,Fortive
"$4,617.4",-5.6%,$-482.8,-,"$5,478.5","$1,757.4",-1,"20,230",-,-,Cornerstone Building Brands
"$4,613.4",-12%,$98.6,-71.6%,"$5,812.4","$6,579.6",-27,"8,800",-,-,Skechers U.S.A.
"$4,610.6",9.7%,$178.6,118.9%,"$1,899.3","$1,245.3",64,"18,765",-,-,Ingles Markets
"$4,607.5",-19.9%,"$1,112.6",-47.1%,"$34,786.8","$37,338.1",-63,"2,850",-,-,Simon Property Group
"$4,606",-10.1%,$978.8,-20.6%,"$32,483.6","$29,897.1",-19,423,-,-,Welltower
"$4,598.6",9.5%,"$1,409.6",27.2%,"$6,202.7","$48,108",62,"3,340",-,-,Monster Beverage
"$4,583.7",1.8%,$126.6,-,"$5,521.1","$6,935.5",30,"32,100",-,-,Mattel
"$4,570.5",-7.2%,$13.8,-,"$5,485.7","$2,921.2",-12,"10,900",-,-,TreeHouse Foods
"$4,552.8",-4.1%,$211.7,44%,"$3,516.2","$4,461",6,"15,225",-,-,Schneider National
"$4,540",-12%,$872.4,1.3%,"$10,357.5","$29,480.1",-28,"16,500",-,-,Ametek
"$4,536",99.5%,"$1,646.9",319.1%,"$31,597.8","$4,630.4",-,"6,632",-,-,PennyMac Financial Services
"$4,529",3.8%,$462.5,-4.1%,"$4,889.8","$17,728.8",42,"12,000",-,-,Broadridge Financial Solutions
"$4,521.4",-31.3%,$213.7,-23.1%,"$22,547.1","$5,570.3",-113,"8,000",-,-,Alliance Data Systems
"$4,519.5",30.6%,$118.5,-81.1%,"$8,715.1","$98,071.6",133,"13,096",-,-,ServiceNow
"$4,516",-15.7%,$-72,-164.1%,"$2,561.9",$875.4,-50,"7,100",-,-,Kelly Services
"$4,515",-1.7%,$108.8,-36.4%,"$5,510.9","$2,771.7",12,"16,000",-,-,Greif
"$4,513.7",-7.3%,$-53.5,-,"$2,185.8",$449.9,-16,"30,000",-,-,Yellow
"$4,506.9",8.4%,"$1,064.2",14.4%,"$142,502.1","$29,390",53,"5,483",-,-,First Republic Bank
"$4,504",-,$-676,-,"$5,405","$4,679.1",-,"14,000",-,-,Perspecta
"$4,501.3",48.1%,$811.4,252.4%,"$13,404.3","$6,092.5",199,"11,749",-,-,Nexstar Media Group
"$4,501.2",22.8%,$423.5,69.6%,"$3,864.4","$3,448.1",96,"1,570",-,-,Meritage Homes
"$4,474.7",-15%,$-549.2,-696%,"$5,030.6","$9,161.9",-49,"11,800",-,-,Under Armour
"$4,463",-0.3%,$-475,-285.5%,"$6,410","$17,657.7",19,"5,500",-,-,Warner Music Group
"$4,452.6",-22.7%,$-127.1,-132.2%,"$5,641.2","$9,559.8",-85,"14,800",-,-,Levi Strauss
"$4,448",-0.8%,$504,-7.4%,"$5,375","$25,941.3",15,"8,800",-,-,Zebra Technologies
"$4,445.1",-,$257.8,-25.3%,"$9,378.3","$8,285.1",19,"9,950",-,-,Juniper Networks
"$4,443.6",202.8%,"$2,013.1",5748.7%,"$10,893.2","$6,089.1",-,"11,763",-,-,loanDepot
"$4,438.7",33.3%,"$1,481.8",-5.8%,"$56,065","$78,412.9",143,"1,945",-,-,Prologis
"$4,433.2",-30.1%,$-71.7,-164.5%,"$3,092.5","$2,123.7",-117,"24,000",-,-,Dillard's
"$4,415.8",-5.6%,$192.8,46.9%,"$8,063.3","$7,905.1",-9,"24,386",-,-,Syneos Health
"$4,401.9",10.6%,$588.9,-8.8%,"$4,185.2","$39,985.1",-,"25,000",-,-,Lululemon Athletica
"$4,388",6.4%,$152.3,-7.4%,"$3,323","$5,038.5",43,"9,200",-,-,Flowers Foods
"$4,386.3",0.9%,$823.4,-21.3%,"$7,237.1","$52,027.1",24,"14,900",-,-,Edwards Lifesciences
"$4,370.6",-1.4%,$-183.6,-,"$5,073.8","$7,028.8",13,"20,972",-,-,Vertiv Holdings
"$4,358.4",-2.7%,"$1,060.6",-23.1%,"$11,168.9","$87,474.3",6,"8,081",-,-,Intuitive Surgical
"$4,347.5",-4.6%,$372.7,-,"$3,770.6","$7,436.2",-2,"14,382",-,-,Brunswick
"$4,339",-,$-19,-,"$3,496","$4,084.1",-,"5,466",-,-,Covetrus
"$4,318",19%,$-282.4,-,"$8,718.4","$60,368.5",82,"12,500",-,-,Workday
"$4,308",-32.8%,"$-4,860",-,"$12,746","$6,765.6",-130,"2,272",-,-,APA
"$4,307",-54.4%,$-715,-181.2%,"$16,755","$33,568.3",-258,"141,000",-,-,Hilton Worldwide Holdings
"$4,287",-0.6%,$138.2,-8.5%,"$1,584.3","$3,199.9",18,"3,600",-,-,Insperity
"$4,280.2",-9.9%,$247.6,-25.8%,"$4,754","$6,070.9",-29,"20,400",-,-,Leggett & Platt
"$4,245.2",-11.8%,$320.1,-32.3%,"$5,866.4","$8,670",-36,"12,500",-,-,Carlisle
"$4,235.7",-1.3%,$91.6,45.4%,"$3,964.7","$2,770",18,"23,000",-,-,JELD-WEN Holding
"$5,354",169.1%,$-122,-141.7%,"$16,771","$10,033",-,"25,000",-,-,Cleveland-Cliffs
"$5,339",3.4%,$719,-32.9%,"$9,627","$38,739.2",35,"16,400",-,-,Agilent Technologies
"$5,318.8",19.5%,$108.4,-,"$5,045.6",$964.8,97,"8,700",-,-,Tutor Perini
"$5,314.8",3.7%,$-632.2,-,"$16,116.9","$6,893.6",37,"20,500",-,-,ADT
"$5,274.2",-1.4%,$570.6,60.3%,"$17,426.1","$41,794.8",17,"18,000",-,-,Microchip Technology
"$5,271.1",3.9%,$294.9,8.2%,"$4,528.4","$3,108",38,"28,000",-,-,Michaels
"$5,259",-62.9%,$261,-44.5%,"$11,443","$13,932",-281,"19,700",-,-,Howmet Aerospace
"$5,258",-46.2%,"$-1,714",-,"$16,908",$268.7,-182,"24,000",-,-,Hertz Global Holdings
"$5,255",-4.8%,$234.2,10.6%,"$8,668","$17,138.4",3,"32,750",-,-,ON Semiconductor
"$5,238",-7.4%,$817,-42.1%,"$123,038","$16,071.9",-10,"15,578",-,-,Huntington Bancshares
"$5,237.4",-2.5%,$207.5,-28.9%,"$5,277.3","$6,367.8",6,"20,000",-,-,Sonoco Products
"$5,225",0.9%,$226,86.8%,"$12,525","$2,625.8",24,"9,200",-,-,Telephone & Data Systems
"$5,210",-38.6%,-,-,"$6,584","$4,248.2",-140,"1,300",-,-,Chesapeake Energy
"$5,205.7",3.3%,$409.9,-22.8%,"$14,341.9","$5,229.2",31,"9,500",-,-,Kemper
"$5,199",-56.9%,"$-2,612",-562.3%,"$18,690","$24,762",-252,"19,100",-,-,Expedia Group
"$5,182",-6.1%,$699,-21.4%,"$18,395","$32,152.7",-3,"14,200",-,-,TransDigm Group
"$5,162.1",-60%,"$-1,032.7",-150.4%,"$36,494.9","$18,805.2",-268,"48,500",-,-,MGM Resorts International
"$5,154",16.7%,$246.8,37.4%,"$2,404.9","$4,683.3",88,"12,000",-,-,UFP Industries
"$5,109",-15.9%,$306.3,-32.6%,"$2,557.4","$8,831.7",-37,"13,000",-,-,Robert Half International
"$5,091",-30.9%,"$-2,680",-,"$9,912","$14,707.2",-101,"1,400",-,-,Devon Energy
"$5,089.8",-21.3%,$-215.3,-,"$2,472.6","$13,275.2",-57,"22,000",-,-,GameStop
"$5,084.2",-1.1%,$363.2,-20.3%,"$13,555.7","$34,741.5",18,"13,700",-,-,International Flavors & Fragrances
"$5,071",1.7%,$37,2.8%,"$5,610","$4,043.7",25,"14,700",-,-,Resideo Technologies
"$5,054.9",6%,$269.6,9.6%,"$2,484.3","$10,068.2",42,"5,800",-,-,Watsco
"$5,050.6",24.6%,$338.1,179.7%,"$5,022.3","$5,769.6",114,"29,050",-,-,Amkor Technology
"$5,007.4",3.7%,$172.5,1416.4%,"$3,222.5","$2,706.9",36,"14,900",-,-,Coca-Cola Consolidated
"$4,969",-10.1%,$219,-,"$7,082","$4,610.6",-16,"6,500",-,-,Chemours
"$4,961.4",-17.7%,$-652.1,-201.4%,"$7,924.2","$11,449.7",-43,"14,850",-,-,Tapestry
"$4,938.6",286.3%,"$3,382.5",715%,"$11,493.5","$12,729",-,"7,500",-,-,UWM Holdings
"$4,921.9",9.6%,$308.7,59.3%,"$6,511.6","$4,625.7",65,"15,610",-,-,Silgan Holdings
"$4,920.2",11%,$-26.5,-,"$6,075.7","$6,692.4",-,"27,081",-,-,Petco Health and Wellness
"$4,913.4",-4.6%,$618.3,-7.7%,"$27,114.8","$13,512.9",7,"5,133",-,-,Evergy
"$4,910.2",100.3%,$-33.3,-120.9%,"$16,058.6","$20,607.4",348,"15,900",-,-,Ingersoll Rand
"$4,903.2",2.3%,$502.9,91.2%,"$6,083.8","$7,098.4",30,"16,500",-,-,Sealed Air
"$4,895.8",12.3%,$785.9,27.6%,"$7,414.5","$21,408.4",76,"5,100",-,-,Church & Dwight
"$4,894",3.1%,$730,-14.6%,"$22,471","$7,217.2",34,"8,300",-,-,OneMain Holdings
"$4,883.6",0.3%,"$2,105.2",-0.5%,"$124,659.6","$73,330",21,"4,370",-,-,CME Group
"$4,876",-7.1%,$254,-36.7%,"$8,750","$18,932.7",-8,"16,150",-,-,Xylem
"$4,856.8",-1.5%,$584.5,-5.4%,"$11,686.9","$22,387",12,"8,847",-,-,Vulcan Materials
"$4,846",-20.8%,$-13.9,-141.7%,"$3,443.9",$395.3,-60,"16,374",-,-,TravelCenters of America
"$4,835",-8.6%,$744.3,-29.7%,"$9,496.3","$10,133.3",-13,"11,000",-,-,Western Union
"$4,827.3",-1.4%,$358.7,-15.6%,"$13,443.7","$4,709.8",12,"4,300",-,-,Hanover Insurance Group
"$4,804",-26.2%,"$-3,093",-,"$18,821","$21,722.4",-82,"1,621",-,-,Hess
"$4,737.9",4.6%,$731.8,-3.8%,"$29,046.7","$11,203.5",48,"3,261",-,-,Globe Life
"$4,735.9",-18.5%,$114.9,-18.9%,"$2,985.4","$2,685.6",-53,"6,307",-,-,Rush Enterprises
"$4,729.9",-0.2%,$721,17.8%,"$10,580.8","$20,917.1",26,"8,700",-,-,Martin Marietta Materials
"$4,710.8",-27.9%,$-561.3,-,"$5,916.3","$1,100.4",-87,"20,000",-,-,American Axle & Manufacturing
"$4,688.9",-8.3%,-,-,"$9,421.1",-,-5,"11,945",-,-,Windstream Holdings II
"$4,681.7",-10.1%,$-17.6,-104.6%,"$22,040.5","$9,447.7",-16,"7,345",-,-,NiSource
"$4,681.5",16.1%,$153.7,221.4%,"$6,293.8","$13,260.2",91,"26,000",-,-,PPD
"$4,673.9",-3.5%,$410,32.6%,"$8,468","$7,966.1",9,"22,800",-,-,Knight-Swift Transportation Holdings
"$4,667.9",0.8%,$625.2,42.6%,"$15,923.6","$18,005.2",28,"24,600",-,-,SS&C Technologies Holdings
"$4,647",-11%,$-127,-251.2%,"$4,856","$1,856.2",-21,"6,600",-,-,Domtar
"$4,644.4",0.9%,$284.2,-20.8%,"$6,445.9","$8,129.9",29,"35,536",-,-,Encompass Health
"$4,642.1",-0.4%,$551.5,15.5%,"$10,186.4","$14,325",23,"6,400",-,-,FMC
"$4,634.4",-36.7%,"$1,613.3",118.3%,"$16,051.5","$23,881.5",-134,"17,000",-,-,Fortive
"$4,617.4",-5.6%,$-482.8,-,"$5,478.5","$1,757.4",-1,"20,230",-,-,Cornerstone Building Brands
"$4,613.4",-12%,$98.6,-71.6%,"$5,812.4","$6,579.6",-27,"8,800",-,-,Skechers U.S.A.
"$4,610.6",9.7%,$178.6,118.9%,"$1,899.3","$1,245.3",64,"18,765",-,-,Ingles Markets
"$4,607.5",-19.9%,"$1,112.6",-47.1%,"$34,786.8","$37,338.1",-63,"2,850",-,-,Simon Property Group
"$4,606",-10.1%,$978.8,-20.6%,"$32,483.6","$29,897.1",-19,423,-,-,Welltower
"$4,598.6",9.5%,"$1,409.6",27.2%,"$6,202.7","$48,108",62,"3,340",-,-,Monster Beverage
"$4,583.7",1.8%,$126.6,-,"$5,521.1","$6,935.5",30,"32,100",-,-,Mattel
"$4,570.5",-7.2%,$13.8,-,"$5,485.7","$2,921.2",-12,"10,900",-,-,TreeHouse Foods
"$4,552.8",-4.1%,$211.7,44%,"$3,516.2","$4,461",6,"15,225",-,-,Schneider National
"$4,540",-12%,$872.4,1.3%,"$10,357.5","$29,480.1",-28,"16,500",-,-,Ametek
"$4,536",99.5%,"$1,646.9",319.1%,"$31,597.8","$4,630.4",-,"6,632",-,-,PennyMac Financial Services
"$4,529",3.8%,$462.5,-4.1%,"$4,889.8","$17,728.8",42,"12,000",-,-,Broadridge Financial Solutions
"$4,521.4",-31.3%,$213.7,-23.1%,"$22,547.1","$5,570.3",-113,"8,000",-,-,Alliance Data Systems
"$4,519.5",30.6%,$118.5,-81.1%,"$8,715.1","$98,071.6",133,"13,096",-,-,ServiceNow
"$4,516",-15.7%,$-72,-164.1%,"$2,561.9",$875.4,-50,"7,100",-,-,Kelly Services
"$4,515",-1.7%,$108.8,-36.4%,"$5,510.9","$2,771.7",12,"16,000",-,-,Greif
"$4,513.7",-7.3%,$-53.5,-,"$2,185.8",$449.9,-16,"30,000",-,-,Yellow
"$4,506.9",8.4%,"$1,064.2",14.4%,"$142,502.1","$29,390",53,"5,483",-,-,First Republic Bank
"$4,504",-,$-676,-,"$5,405","$4,679.1",-,"14,000",-,-,Perspecta
"$4,501.3",48.1%,$811.4,252.4%,"$13,404.3","$6,092.5",199,"11,749",-,-,Nexstar Media Group
"$4,501.2",22.8%,$423.5,69.6%,"$3,864.4","$3,448.1",96,"1,570",-,-,Meritage Homes
"$4,474.7",-15%,$-549.2,-696%,"$5,030.6","$9,161.9",-49,"11,800",-,-,Under Armour
"$4,463",-0.3%,$-475,-285.5%,"$6,410","$17,657.7",19,"5,500",-,-,Warner Music Group
"$4,452.6",-22.7%,$-127.1,-132.2%,"$5,641.2","$9,559.8",-85,"14,800",-,-,Levi Strauss
"$4,448",-0.8%,$504,-7.4%,"$5,375","$25,941.3",15,"8,800",-,-,Zebra Technologies
"$4,445.1",-,$257.8,-25.3%,"$9,378.3","$8,285.1",19,"9,950",-,-,Juniper Networks
"$4,443.6",202.8%,"$2,013.1",5748.7%,"$10,893.2","$6,089.1",-,"11,763",-,-,loanDepot
"$4,438.7",33.3%,"$1,481.8",-5.8%,"$56,065","$78,412.9",143,"1,945",-,-,Prologis
"$4,433.2",-30.1%,$-71.7,-164.5%,"$3,092.5","$2,123.7",-117,"24,000",-,-,Dillard's
"$4,415.8",-5.6%,$192.8,46.9%,"$8,063.3","$7,905.1",-9,"24,386",-,-,Syneos Health
"$4,401.9",10.6%,$588.9,-8.8%,"$4,185.2","$39,985.1",-,"25,000",-,-,Lululemon Athletica
"$4,388",6.4%,$152.3,-7.4%,"$3,323","$5,038.5",43,"9,200",-,-,Flowers Foods
"$4,386.3",0.9%,$823.4,-21.3%,"$7,237.1","$52,027.1",24,"14,900",-,-,Edwards Lifesciences
"$4,370.6",-1.4%,$-183.6,-,"$5,073.8","$7,028.8",13,"20,972",-,-,Vertiv Holdings
"$4,358.4",-2.7%,"$1,060.6",-23.1%,"$11,168.9","$87,474.3",6,"8,081",-,-,Intuitive Surgical
"$4,347.5",-4.6%,$372.7,-,"$3,770.6","$7,436.2",-2,"14,382",-,-,Brunswick
"$4,339",-,$-19,-,"$3,496","$4,084.1",-,"5,466",-,-,Covetrus
"$4,318",19%,$-282.4,-,"$8,718.4","$60,368.5",82,"12,500",-,-,Workday
"$4,308",-32.8%,"$-4,860",-,"$12,746","$6,765.6",-130,"2,272",-,-,APA
"$4,307",-54.4%,$-715,-181.2%,"$16,755","$33,568.3",-258,"141,000",-,-,Hilton Worldwide Holdings
"$4,287",-0.6%,$138.2,-8.5%,"$1,584.3","$3,199.9",18,"3,600",-,-,Insperity
"$4,280.2",-9.9%,$247.6,-25.8%,"$4,754","$6,070.9",-29,"20,400",-,-,Leggett & Platt
"$4,245.2",-11.8%,$320.1,-32.3%,"$5,866.4","$8,670",-36,"12,500",-,-,Carlisle
"$4,235.7",-1.3%,$91.6,45.4%,"$3,964.7","$2,770",18,"23,000",-,-,JELD-WEN Holding
"$4,221",-1.9%,$627,1%,"$7,218","$26,684.5",16,"13,900",-,-,Keysight Technologies
"$4,186",-8.8%,$351.2,-12.4%,"$5,085.1","$10,151.3",-16,"19,100",-,-,Hubbell
"$4,183.2",-8.1%,$296.2,10.2%,"$5,356.4","$4,268",-12,"1,776",-,-,KB Home
"$4,163",-6.8%,$-118,-,"$4,256","$1,412.9",-5,"63,000",-,-,Conduent
"$4,147.3",-2.7%,$342.7,28.2%,"$14,149.3","$10,674.5",14,"24,000",-,-,Iron Mountain
"$4,136.4",1.1%,$192.1,-15.6%,"$1,653.8","$6,339.7",29,"1,320",-,-,Landstar System
"$4,131.6",30.9%,$387.4,-15.9%,"$3,380.5","$13,645.6",146,"6,866",-,-,Scotts Miracle-Gro
"$4,127.5",17.7%,$520.1,-,"$9,611.8","$22,174.5",84,"11,400",-,-,Equifax
"$4,124.1",-10.2%,$317,-35.7%,"$12,022.8","$9,732.1",-22,"3,038",-,-,CF Industries Holdings
"$4,117.4",13.8%,$491.3,22.6%,"$1,567.2","$14,270.4",69,"10,650",-,-,Domino's Pizza
"$4,112.6",16.1%,$118.9,74.9%,"$1,820.4","$1,520.3",75,"24,000",-,-,Weis Markets
"$4,099.4",-3.4%,$266.7,14.3%,"$7,316","$16,196.1",9,"15,600",-,-,Gartner
"$4,081.8",15.6%,"$1,208.4",6.3%,"$115,511","$26,602.6",75,"4,461",-,-,SVB Financial Group
"$4,054.4",-24.4%,$1.3,-99.7%,"$12,010.6","$6,147.9",-95,"5,150",-,-,Harley-Davidson
"$4,049.3",-1.8%,$145.5,-33.8%,"$28,490.9",-,17,"3,600",-,-,CUNA Mutual Group
"$4,044.7",-35.2%,"$-1,141.8",-,"$2,334.1",-,-143,"22,000",-,-,Mahwah Bergen Retail Group
"$4,040.5",7.1%,"$1,098.1",6.2%,"$8,550.7","$35,349.1",45,"15,700",-,-,Paychex
"$4,034",4.6%,$272,28.3%,"$3,043","$5,144.6",39,"2,700",-,-,TriNet Group
"$4,015.1",-2.3%,$672.7,9.3%,"$4,369.4","$28,112.9",15,"19,779",-,-,Old Dominion Freight Line
"$3,978.9",5.6%,$442,19.2%,"$13,438","$12,011.7",43,"22,200",-,-,Amerco
"$3,964.2",-4.2%,$97.8,-80.2%,"$5,107.3","$3,622.9",8,"12,100",-,-,Spectrum Brands Holdings
"$3,950.6",0.7%,$200.3,14.7%,"$3,278","$5,058.3",30,"4,200",-,-,ASGN
"$3,942.2",-3.1%,$627,-9.6%,"$6,557.3","$12,561",14,"12,300",-,-,Snap-on
"$3,936.6",23%,$366.7,40.2%,"$1,739.7","$13,863.5",123,"4,750",-,-,Pool
"$3,918.9",-0.9%,$98.5,-18.2%,"$3,937.7","$4,139.5",23,"15,500",-,-,Parsons
"$3,906.2",-14.4%,$-59,-503.3%,"$4,062.2",$47.3,-37,"44,000",-,-,Genesis Healthcare
"$3,903.6",21.6%,$356.4,-38.5%,"$36,076.3","$39,593.1",119,"2,878",-,-,Digital Realty Trust
"$3,902.3",-11.5%,$-269.1,-,"$3,657.4","$1,104.7",-21,"22,000",-,-,Diebold Nixdorf
"$3,901.2",18.5%,$367.6,54.2%,"$3,864.9","$4,160.3",104,"1,773",-,-,MDC Holdings
"$3,893.8",-35.7%,$-421.5,-,"$8,550.9","$2,102.3",-147,"1,069",-,-,EnLink Midstream
"$3,858",-18.5%,"$3,887",12438.7%,"$7,735","$12,371.2",-58,"3,600",-,-,NortonLifeLock
"$3,821.1",-4.8%,$301.8,-26.3%,"$35,339.9","$3,245.4",11,"3,400",-,-,CNO Financial Group
"$3,817.8",8.6%,$503.5,12.3%,"$26,604.3","$6,724.6",57,"8,500",-,-,Stifel Financial
"$3,795.4",-2%,$439.1,1.4%,"$23,929.4","$19,984.3",21,448,-,-,Ventas
"$3,792.4",1%,$365.9,-23.5%,"$4,662.3","$11,339.6",30,"7,700",-,-,Lamb Weston Holdings
"$3,792.4",-6.8%,$467.5,-24.6%,"$29,467.8","$2,900.3",-,"4,600",-,-,American National Group
"$3,790.4",15.8%,"$1,208.2",463.3%,"$7,279.8","$60,860",100,"11,500",-,-,Autodesk
"$3,784.5",-4.7%,$374.6,17%,"$6,328.2","$3,367.1",8,"4,300",-,-,Mercury General
"$3,782.7",31.2%,$727.9,219.9%,"$7,960.3","$14,376.4",170,"14,000",-,-,PerkinElmer
"$3,777",4.6%,$709,14.2%,"$24,766","$27,205.6",42,"7,000",-,-,American Water Works
"$3,776.4",12.1%,"$1,115.2",-,"$7,195.8","$19,164.9",77,"5,814",-,-,Hologic
"$3,759.1",-12.7%,$-209.3,-209.4%,"$3,434.8","$4,874.3",-26,"21,750",-,-,American Eagle Outfitters
"$3,728.1",-5.4%,$116.3,-51.3%,"$5,314.7","$5,056",7,"16,000",-,-,Flowserve
"$3,728",-32.6%,$412,-31%,"$87,412","$2,629.8",-134,"6,485",-,-,Navient
"$3,723.7",8.1%,$199.7,58.5%,"$2,565.4","$1,653.5",61,"13,350",-,-,Steelcase
"$3,720.8",55.9%,$-270.2,-,"$1,365.1",-,-,"2,702",-,-,Compass
"$3,716.3",7.4%,"$-1,135.6",-177.5%,"$13,379.1","$50,786.4",57,"5,500",-,-,Twitter
"$3,702.4",9.7%,$67.2,-27.7%,"$3,088.4",$616.4,68,"3,911",-,-,Triple-S Management
"$3,700.2",-0.1%,$287,-27.5%,"$40,003.5",-,18,"3,162",-,-,Penn Mutual Life Insurance
"$3,690.9",0.2%,$16,-44.8%,"$5,135.6","$3,939.5",19,"75,100",-,-,Brink's
"$3,685.3",9.7%,$664.3,24.8%,"$8,030.1","$37,755",72,"15,036",-,-,Synopsys
"$3,676.9",18.4%,$348.8,84.1%,"$3,308.6","$7,376.6",111,"9,000",-,-,Tempur Sealy International
"$3,634.1",-4.5%,$356.3,-12.8%,"$2,032.5","$11,757.4",7,"10,300",-,-,Lennox International
"$3,612",-73.7%,"$-1,685",-162.5%,"$20,807","$46,412.4",-419,"46,000",-,-,Las Vegas Sands
"$3,609.2",-6.8%,$-192.7,-434.5%,"$1,692.1",$762.3,-1,"2,200",-,-,ScanSource
"$3,587",-,$-153,-,"$4,065","$4,149.5",-,"13,000",-,-,APi Group
"$3,587",3.3%,$550.6,2.3%,"$20,020.4","$9,167.5",44,"6,026",-,-,Pinnacle West Capital
"$3,585.3",-2.6%,$201.8,-37.8%,"$21,631.5",-,12,"4,150",-,-,Sentry Insurance Group
"$3,578.7",-32.5%,$-669.5,-1625.1%,"$14,667.3","$16,406",-132,"18,321",-,-,Penn National Gaming
"$3,571.9",6.2%,$296.8,-5%,"$5,613.3","$12,004.7",60,"10,000",-,-,Darling Ingredients
"$3,566",-59.4%,"$-1,324",-272.2%,"$14,046","$8,608.9",-301,"20,677",-,-,Alaska Air Group
"$3,564.3",3.6%,$28.3,-46.9%,"$1,849","$3,478.6",45,"17,445",-,-,Sanderson Farms
"$3,562.5",3.4%,$-145.1,-,"$2,380","$1,843",49,"4,100",-,-,Granite Construction
"$3,554.1",2.2%,$-181.5,-193.3%,"$5,220.1","$1,431",35,"11,500",-,-,Pitney Bowes
"$3,540.2",-12.7%,$82,-,"$6,901.8","$1,109.9",-27,"38,250",-,-,Brookdale Senior Living
"$3,532.2",-1.1%,$361.3,42.6%,"$4,180.9","$8,481.8",18,"7,032",-,-,Ciena
"$3,524.2",0.6%,$100.4,20%,"$2,611.6",-,28,"2,873",-,-,Medical Mutual of Ohio
"$3,514.3",-9.3%,$113.2,-58.3%,"$2,895.1","$2,271",-15,"30,000",-,-,Sally Beauty Holdings
"$3,513.2",-7.3%,$284.5,-21.4%,"$5,041.6","$6,165.9",-8,"17,430",-,-,Timken
"$3,511.5",8.7%,$515.9,39.6%,"$14,515.4","$8,646.4",72,"20,319",-,-,Service Corp. International
"$3,495.6",-4.7%,$73.6,-31.4%,"$2,105.4","$2,316.7",1,"5,000",-,-,Hub Group
"$3,491.7",-20.8%,"$-1,267.9",-,"$13,150.8","$3,072.1",-64,522,-,-,Antero Resources
"$3,491.5",12.4%,$105,27.5%,"$1,969.6","$1,779.9",89,"10,414",-,-,Primoris Services
"$3,478.7",-23.9%,$-654.9,-,"$9,633.6",-,-,"6,400",-,-,Endeavor Group Holdings
"$3,474",37.4%,"$-1,757",-2269.1%,"$36,385","$18,213.9",193,"21,000",-,-,Caesars Entertainment
"$3,466.6",-23%,$-65.8,-179.9%,"$1,802.1",$649.5,-82,"3,900",-,-,Ryerson Holding
"$3,461.5",19.9%,$214.5,-10.9%,"$2,024.7","$5,471.7",131,"34,300",-,-,Maximus
"$3,449.7",-13.4%,$1.2,-99.3%,"$3,546.3","$3,637.8",-34,"14,250",-,-,Urban Outfitters
"$3,427.1",37.3%,$468.2,24.9%,"$6,516.5","$10,580.6",193,"1,010",-,-,Cboe Global Markets
"$3,416",-6.4%,$614,10.2%,"$17,710","$13,533.6",-5,"3,375",-,-,Alliant Energy
"$3,409.4",-6%,$13.2,-,"$2,739.8","$1,236.8",-,"10,380",-,-,ARKO
"$3,408.4",17.5%,$-267,-,"$9,065.4","$31,318",122,"8,014",-,-,Palo Alto Networks
"$3,405.7",82.3%,$-670.5,-,"$3,108.9",$748,-,"20,800",-,-,Gannett
"$3,404.8",-56.7%,$-870.3,-264.2%,"$8,383.9","$5,129.7",-278,"14,500",-,-,Spirit AeroSystems Holdings
"$3,390.4",7.1%,$117.5,8.2%,"$2,289.8","$2,646.7",65,"19,500",-,-,Plexus
"$3,390",48.8%,$845,91.7%,"$84,209","$9,362.6",241,"8,358",-,-,First Horizon
"$3,378.8",7.7%,$329.7,20.3%,"$2,853.2","$11,099.9",69,"10,385",-,-,Toro
"$3,378.2",-29.7%,"$-4,584.7",-,"$10,491.5","$114,349.2",-,"5,597",-,-,Airbnb
"$3,363",1.2%,$827,-1%,"$5,766","$32,119.3",41,"4,800",-,-,Brown-Forman
"$3,355.7",-0.6%,$814.8,-4.5%,"$5,106.7","$30,290.4",24,"10,000",-,-,Skyworks Solutions
"$3,342",-17.1%,$-83,-131.6%,"$9,342","$13,977.5",-49,"15,000",-,-,Dentsply Sirona
"$3,339.8",21.8%,$-162.1,-,"$7,486.6","$31,310.9",140,"5,504",-,-,Zillow Group
"$3,339.3",-4.6%,$84.3,17.2%,"$1,918.6","$1,975.5",4,"3,987",-,-,Super Micro Computer
"$3,329.2",3.3%,$78.1,6.7%,"$1,656.8","$2,973.9",50,"9,500",-,-,PriceSmart
"$3,326.5",-2.2%,$182.7,-13.3%,"$15,043",-,15,"3,150",-,-,Puget Energy
"$3,326.3",-9.4%,$248.3,-24.8%,"$3,491.7","$5,891.4",-25,"11,500",-,-,Acuity Brands
"$3,316.7",11%,$-495.1,-461.4%,"$6,432.9","$13,201.3",90,"6,621",-,-,GoDaddy
"$3,298.9",5.7%,$232.3,8.6%,"$8,735.9","$3,935.9",59,"11,149",-,-,Southwest Gas Holdings
"$3,273.3",6.6%,$-560.1,-924.9%,"$17,692.7","$13,924",69,"10,200",-,-,Elanco Animal Health
"$3,260.4",5.8%,$282.2,36.2%,"$4,022","$2,430.3",66,"1,163",-,-,Tri Pointe Homes
"$3,245.7",-6.5%,$24,-83.3%,"$2,283.6","$3,540.3",-1,"6,200",-,-,Applied Industrial Technologies
"$3,242.1",-3.3%,$131.6,-77.6%,"$4,870.5","$4,315.5",22,"8,400",-,-,Avient
"$3,241.3",4%,$23.4,-58.2%,"$2,288.8","$1,788.8",55,"5,611",-,-,GMS
"$3,239.3",111.7%,$649.2,-,"$9,965.8","$5,974.4",-,976,-,-,Virtu Financial
"$3,239.1",4.8%,$334.3,151.1%,"$6,560.7","$20,693.1",60,"7,900",-,-,Qorvo
"$3,239",-8.6%,$656,-34.5%,"$7,585","$56,034.4",-19,"8,575",-,-,Illumina
"$3,236.7",7.5%,$504.4,-26%,"$4,890.3","$17,259.2",72,"9,000",-,-,Citrix Systems
"$3,211.1",17.2%,$360.3,-,"$6,029.2","$1,740.5",125,"4,061",-,-,Atlas Air Worldwide Holdings
"$3,209.7",3.3%,$-672.1,-717.1%,"$6,499.4","$5,109",51,"35,400",-,-,Acadia Healthcare
"$3,199.2",-4.2%,$34.3,-40%,"$1,944.2","$2,842.7",15,"14,276",-,-,Dycom Industries
"$3,198.1",10.5%,$557.1,16.5%,"$7,764.1","$16,632.1",95,"8,368",-,-,Akamai Technologies
"$3,192.4",-5.1%,$251.1,-13.1%,"$2,382.4","$5,033.9",9,"6,315",-,-,MSC Industrial Direct
"$3,183.4",3.8%,$197,-18.9%,"$4,178.5","$9,896.5",56,"18,100",-,-,PRA Health Sciences
"$3,170.6",-23.4%,$-158.7,-221.6%,"$3,362.1","$2,403.5",-86,"77,000",-,-,Bloomin' Brands
"$3,168.2",-1.8%,$269.2,-7.8%,"$4,462.2","$16,212.3",28,"10,613",-,-,Varian Medical Systems
"$3,162.7",3.4%,$792.7,-10.9%,"$4,693.3","$30,450.5",56,"4,891",-,-,Xilinx
"$3,161.2",24.7%,$206.2,82.4%,"$2,845.1","$2,033.3",150,"1,403",-,-,Century Communities
"$3,155.7",-16.6%,$-162.4,-,"$5,777.5","$3,760.9",-,"40,000",-,-,Advantage Solutions
"$3,150.4",-4.4%,$-615.3,-216.1%,"$58,106.6","$5,084.4",13,"4,306",-,-,CIT Group
"$3,147.7",-3.6%,$389.9,-24.2%,"$6,876.9","$19,551.9",18,"11,402",-,-,Trimble
"$3,144.1",-7.9%,$134.8,38%,"$4,131.5","$4,606.2",-12,"13,500",-,-,Clean Harbors
"$3,134.6",22.5%,$106.7,592.1%,"$2,485.6","$3,513.8",143,860,-,-,Grocery Outlet Holding
"$3,128.9",-12.8%,$375.8,-29.5%,"$10,450.9","$17,053.7",-40,"5,900",-,-,Albemarle
"$3,125.4",-13.7%,$-114,-389.7%,"$3,314.9","$2,131.1",-46,"20,550",-,-,Abercrombie & Fitch
"$3,124.9",-42.1%,$-409.1,-1102.4%,"$2,133.9",$843.7,-209,"1,403",-,-,Par Pacific Holdings
"$3,121.5",36%,$784.1,67.7%,"$3,652.3","$20,267.6",195,"5,500",-,-,Teradyne
"$3,097.3",17.4%,$80.9,-,"$1,048.1",$371.1,125,"2,100",-,-,BlueLinx Holdings
"$3,094.3",22.9%,$220.7,60.6%,"$7,776.5","$17,926.6",141,"13,900",-,-,Catalent
"$3,094",-18.9%,$474,-60.4%,"$88,129","$10,007.1",-70,"7,681",-,-,Comerica
"$3,089",15.8%,$404.5,21.2%,"$4,948.8","$20,351.9",115,"5,800",-,-,Take-Two Interactive Software
"$3,087.9",10%,$137.1,-14.4%,"$3,301.7","$3,876",93,"11,400",-,-,EnerSys
"$3,086.2",-2.4%,$401.9,-0.1%,"$5,084.8","$15,314.3",19,"10,670",-,-,Teledyne Technologies
"$3,086",-40.5%,"$-1,451",-402.3%,"$17,956","$8,427.3",-199,"1,672",-,-,Marathon Oil
"$3,085.2",2.5%,$602.7,7.4%,"$2,814.5","$26,951.7",46,"15,700",-,-,Mettler-Toledo International
"$3,082.4",-34.1%,$-10.6,-119.5%,"$3,031.8","$3,212.3",-159,"8,200",-,-,Terex
"$3,078.5",-4.3%,$24.4,-84.2%,"$2,356","$3,230.4",9,"62,200",-,-,Brinker International
"$3,070.8",-29%,$42.6,-,"$7,351.5","$5,896.7",-123,"15,400",-,-,Colfax
"$3,059.1",-18.6%,$78.8,-48.7%,"$2,331.5","$3,476.1",-74,"9,000",-,-,Worthington Industries
"$3,058.8",-30.7%,$-967.2,-,"$18,113.5","$5,181.1",-134,624,-,-,EQT
"$3,047.7",-,$269.7,-,"$9,135.4","$19,201.2",-,"8,200",-,-,IAC/InterActiveCorp
"$3,046.1",21.8%,$239.9,88%,"$2,643","$1,719.5",130,"1,515",-,-,M/I Homes
"$3,044",-30.6%,$245,-15.8%,"$2,884","$2,134",-133,"8,600",-,-,Meritor
"$3,034",-6.6%,$80,-74.4%,"$3,017",$393.5,-4,"7,450",-,-,Garrett Motion
"$3,032.6",31.3%,$-8.1,-,"$2,647.4","$3,189.9",174,"5,499",-,-,Option Care Health
"$3,024.3",-14.1%,$109.7,-58.4%,"$3,392.6","$3,908.5",-56,"18,000",-,-,Carter's
"$3,009",-27.3%,$-128.3,-,"$1,927.7",$194.9,-116,"15,800",-,-,Quad/Graphics
"$3,003",-11%,$-230,-,"$4,002",-,-30,"2,600",-,-,Hexion
"$2,994.9",-3.6%,$173.9,9.6%,"$2,378.6","$7,359.9",13,"20,000",-,-,Tetra Tech
"$2,982.1",-27.7%,"$-1,572.6",-710.5%,"$4,034.9","$2,671",-116,"6,500",-,-,Allegheny Technologies
"$2,960.7",-18%,$-234.3,-606%,"$5,510.1","$1,359",-69,"5,330",-,-,Meredith
"$2,957",13.4%,$621.7,53.7%,"$4,587.4","$28,231.7",107,"7,770",-,-,ResMed
"$2,957",-63.5%,"$-1,354",-338%,"$13,406","$6,440.4",-358,"18,485",-,-,JetBlue Airways
"$2,948.2",-20%,"$-1,914.7",-,"$9,203","$2,584.6",-85,"9,588",-,-,iHeartMedia
"$2,942",-9.3%,$539,-33.9%,"$81,479","$8,993.3",-14,"9,678",-,-,Zions Bancorp.
"$2,940.2",-1.6%,$71.1,77.8%,"$1,779","$1,787.1",31,"13,000",-,-,ArcBest
"$2,937.8",27.8%,$482.8,68.7%,"$6,848.7","$4,154.4",164,"6,430",-,-,TEGNA
"$2,936.9",-10.5%,$181,35.8%,"$4,588.9","$5,474.9",-22,"11,000",-,-,Crane
"$2,934.6",-13.1%,$348.2,-8.6%,"$15,644.8","$13,020.2",-45,"1,825",-,-,Carlyle Group
"$2,929.3",2.4%,$214,-11.6%,"$3,990.1","$9,352",53,"13,000",-,-,AptarGroup
"$2,923.9",11.5%,$364.3,44.6%,"$5,490.8","$14,552.4",95,"18,400",-,-,Charles River Laboratories International
"$2,922.3",2.7%,$246.4,-9.3%,"$9,687.9","$4,354.1",53,"2,400",-,-,Selective Insurance Group
"$2,915.1",2.4%,"$1,357.2",-10.7%,"$11,816.5","$43,131.1",51,"5,400",-,-,Public Storage
"$2,907",-10.2%,$189.3,-20.8%,"$4,589","$5,796.2",-22,"23,000",-,-,Regal Rexnord
"$2,906",10.3%,$-118,-,"$5,428","$9,764.5",-,"6,916",-,-,McAfee
"$2,900.1",-13.8%,$-28.1,-,"$2,980.3","$1,010.5",-46,"9,989",-,-,Triumph Group
"$2,895.4",4.6%,$140.7,-8.5%,"$2,953.2","$5,053.7",61,"10,844",-,-,Valmont Industries
"$2,895.3",-3.3%,$344.9,-6.8%,"$3,160.7","$10,932.7",18,"13,900",-,-,A.O. Smith
"$2,889.1",-1.5%,$300.4,-8.4%,"$6,444.1","$2,813.1",27,"16,661",-,-,Graham Holdings
"$2,886",-33.7%,$-275,-299.3%,"$8,898","$7,183.2",-157,"18,000",-,-,Marriott Vacations Worldwide
"$2,886",226.1%,$-461,-,"$6,353","$42,153.5",-,"3,886",-,-,DoorDash
"$2,884.6",-0.7%,$9.2,-94.9%,"$3,225.8","$2,664.8",29,"12,623",-,-,Moog
"$2,881.1",-37.7%,"$-1,870.3",-,"$4,667.1",$300.9,-190,"4,600",-,-,Peabody Energy
"$2,881",-0.9%,$223,46.5%,"$4,671.1","$7,331.7",26,"10,000",-,-,Hill-Rom Holdings
"$2,873",-0.5%,$-680,-,"$6,231","$2,351.8",33,"8,266",-,-,Avaya Holdings
"$2,860.6",4.8%,$-93.3,-282.6%,"$5,728.3","$3,244.7",59,"5,900",-,-,Energizer Holdings
"$2,856.7",9.2%,$150.1,31.3%,"$1,757.4","$2,705.6",80,"11,100",-,-,Comfort Systems USA
"$2,848.6",7.6%,$271.8,23.3%,"$2,898.3","$12,526.7",73,"4,750",-,-,RH
"$2,821.1",-2.8%,$601.4,17.6%,"$15,359","$12,668.7",24,"4,694",-,-,Atmos Energy
"$2,815",-8%,$240,-36.9%,"$5,246.3","$2,204",-8,"2,180",-,-,AMC Networks
"$2,814.2",5.4%,$208.1,19.9%,"$1,751","$3,137.5",64,"14,320",-,-,Rent-A-Center
"$2,813",-29%,"$-4,517",-1982.1%,"$17,619","$13,288.7",-134,732,-,-,Diamondback Energy
"$2,812.1",-14.6%,$37.1,3.6%,"$1,859.5","$1,464.7",-48,"7,600",-,-,Hyster-Yale Materials Handling
"$2,800",-4.2%,$10,-,"$3,730",$884.9,13,"7,100",-,-,Resolute Forest Products
"$2,796.2",17.9%,$158.4,8.1%,"$2,298","$3,328",116,"12,400",-,-,LCI Industries
"$2,792.2",-8%,$49,-31.1%,"$3,173.8","$1,550",-8,"10,600",-,-,Greenbrier
"$2,790.3",-3.7%,$123.7,-5.4%,"$4,036.7","$3,286.9",19,"6,428",-,-,H.B. Fuller
"$2,788",20.7%,$499,-,"$2,086","$5,909",132,"4,500",-,-,Louisiana-Pacific
"$2,784.6",6.8%,$712.7,58.4%,"$7,561.8","$28,763.6",69,"8,960",-,-,Verisk Analytics
"$2,772.6",1%,$527,-24.4%,"$11,830","$7,678.8",-,"1,045",-,-,Western Midstream Partners
"$2,765.7",-6.6%,$872.7,67.3%,"$22,858.2","$15,776.9",-1,750,-,-,Boston Properties
"$2,762.3",23.3%,$212.3,-,"$2,337.3",$409.8,-,"27,500",-,-,Joann
"$2,733",36.2%,$305,11.3%,"$24,165","$3,150",204,"9,800",-,-,Mr. Cooper Group
"$2,728",-2.9%,$183.7,6%,"$6,774.4",-,30,"3,832",-,-,Amica Mutual Insurance
"$2,724",-19.9%,$-569,-,"$7,984","$3,674.4",-83,"9,000",-,-,Scientific Games
"$2,718",3.6%,$247,29.3%,"$2,815.3","$6,925.4",59,"10,540",-,-,TopBuild
"$2,716.6",2.3%,$343.2,-1.1%,"$7,311.6","$17,214.5",51,"8,200",-,-,TransUnion
"$2,714.6",-1.8%,$15.3,-,"$1,829.4",$839.5,31,"20,000",-,-,PAE
"$2,711.3",-11.5%,$398.4,-,"$7,108.9","$9,252.6",-28,"5,100",-,-,First Solar
"$2,707.1",11%,$-245.8,-,"$6,377.8","$4,887.3",-,"7,200",-,-,Rackspace Technology
"$2,706.7",12.5%,$581.8,36%,"$2,294.6","$41,899.5",87,"9,300",-,-,IDEXX Laboratories
"$2,281.7",11.2%,$222.8,-24.6%,"$47,802.5","$7,090",78,"6,833",-,-,TCF Financial
"$2,277.6",-5.2%,$-30.5,-,"$1,312.3","$1,236.2",-10,"7,060",-,-,REV Group
"$2,268.2",-34.3%,$-149,-,"$1,808.3",$479.7,-198,"1,400",-,-,Calumet Specialty Products Partners
"$2,254.3",-29.2%,$-56.1,-119.7%,"$5,243.7","$2,074.6",-156,731,-,-,Crestwood Equity Partners
"$2,249.3",-16.4%,$177.5,329.9%,"$2,895.9","$1,550.1",-64,"16,700",-,-,TTM Technologies
"$2,247.4",8.5%,$58.8,55.9%,$995.9,"$1,203.2",65,"7,200",-,-,MYR Group
"$2,234.7",-36%,$-488.7,-617.2%,"$1,976.6","$1,259.8",-209,"11,400",-,-,Designer Brands
"$2,229.4",-5.5%,$-908,-,"$5,868.5","$22,196.9",-5,"6,500",-,-,Splunk
"$2,217.5",8%,$386.2,5.4%,"$14,905.3","$5,826.2",71,"2,528",-,-,Primerica
"$2,205.6",8%,$699.9,18.3%,"$3,455.3","$25,666.4",74,"7,600",-,-,Copart
"$2,195.1",-5.9%,$207.5,67.3%,"$2,854.1","$6,582.1",-,"9,000",-,-,CDK Global
"$2,191.4",-5.3%,$654.7,-20.9%,"$3,629.3","$24,490.9",3,"7,115",-,-,Maxim Integrated Products
"$2,187.7",-37.6%,$0.5,-99.7%,"$6,798.2","$1,945.5",-220,"9,400",-,-,Kar Auction Services
"$2,181.8",-6.8%,-,-,"$41,091",-,-6,"1,082",-,-,Ohio National Mutual
"$2,181.1",-8.4%,$1.5,-99.1%,"$3,227.2","$1,976.3",-18,"4,600",-,-,Carpenter Technology
"$2,178.5",-34.5%,$-134.7,-185.5%,"$6,558.9","$6,608.3",-188,"14,284",-,-,Boyd Gaming
"$2,175.8",-26.2%,$750.7,-,"$2,707.9","$1,702.6",-124,"17,200",-,-,Unisys
"$2,175.5",137.3%,$613.7,-,"$4,000.9","$25,176.1",-,"2,092",-,-,Seagen
"$2,173.4",-13.2%,$-58,-218.3%,"$2,607","$4,000",-49,"6,451",-,-,Itron
"$2,171.4",-23.5%,$-272.5,-291.5%,"$5,924.2","$3,622",-102,"5,400",-,-,Kirby
"$2,161.2",7.2%,$260.8,28.3%,"$1,845.9","$16,939.1",72,"15,616",-,-,Rollins
"$2,160",-46.6%,$-255,-150.3%,"$7,613","$5,255.6",-282,"15,500",-,-,Travel + Leisure
"$2,159",3.9%,$551,330.5%,"$4,837","$6,285.8",44,"11,400",-,-,Terminix Global Holdings
"$2,152.5",711%,$25.1,-,"$1,837.7","$1,447.8",-,"6,421",-,-,Franchise Group
"$2,146.9",16.7%,$346.2,43.2%,"$2,793.8","$20,809.5",-,"9,200",-,-,West Pharmaceutical Services
"$2,145",1%,$155,-27.6%,"$9,069","$4,252.2",35,"3,639",-,-,Portland General Electric
"$2,144",52.7%,$538,146.8%,"$31,038","$2,375.8",-,"5,214",-,-,Flagstar Bancorp
"$2,137.1",-19.1%,$122.8,-67.7%,"$1,461.4","$2,977.4",-77,895,-,-,Renewable Energy Group
"$2,132.7",5.6%,$276.1,4.5%,"$1,765.1","$9,307.9",60,"3,600",-,-,Deckers Outdoor
"$2,127.1",-28.4%,$-8.5,-102.5%,"$6,887.6","$2,740.6",-142,"12,502",-,-,SkyWest
"$2,127.1",1.9%,$52.2,-,"$2,007.5",$653.6,34,"1,063",-,-,Beazer Homes USA
"$2,123.5",12.1%,$278.7,14.2%,"$2,293.5","$6,273.6",-,"6,700",-,-,BWX Technologies
"$2,122.3",-4.9%,$-173.7,-140.1%,"$10,718.8","$6,472.7",1,"2,360",-,-,OGE Energy
"$2,121.1",-3.3%,$249.5,-26%,"$3,674.7","$11,540.5",15,"7,555",-,-,Nordson
"$2,117.1",-27.5%,$-439.1,-799%,"$1,867.1",$827.3,-138,"6,650",-,-,Caleres
"$2,112.9",-5.1%,$435,-13.1%,"$46,671.1","$6,212.1",-,"4,915",-,-,BOK Financial
"$2,112.4",-1.6%,$4.4,-41.3%,"$2,079","$1,471.1",19,"5,400",-,-,AAR
"$2,110.9",-32.9%,$156.6,-81.4%,"$23,669.1","$10,904.7",-184,"1,729",-,-,Apollo Global Management
"$2,105.9",7.7%,$183.6,44.8%,"$1,567.2","$8,698",-,"21,000",-,-,Amedisys
"$2,095.9",-68.3%,"$-2,067.2",-1780.9%,"$13,869.5","$14,497.8",-486,"27,500",-,-,Wynn Resorts
"$2,084.3",-23.1%,$-80.4,-,"$2,188.5","$4,356",-105,"4,287",-,-,Hain Celestial Group
"$2,083.1",3.4%,$24.1,-83.6%,"$9,158","$30,343",52,"1,483",-,-,SBA Communications
"$2,081",-22.9%,$299,-50.5%,"$4,477","$4,536.9",-104,"3,300",-,-,Allison Transmission Holdings
"$2,079.6",7.3%,$319.5,45.3%,"$1,434.9","$7,372.2",-,"15,544",-,-,Chemed
"$2,072.7",4.6%,$137.7,-2.3%,"$2,899.9","$3,758.6",-,"4,969",-,-,Aerojet Rocketdyne Holdings
"$2,066",-58.8%,$-703,-191.8%,"$9,129","$8,377.5",-400,"37,000",-,-,Hyatt Hotels
"$2,063.2",-0.8%,$111.6,16.6%,"$2,483.4","$6,041.2",19,"21,150",-,-,LHC Group
"$2,056.7",-2.3%,$48.9,2.8%,"$3,949.3","$1,785.2",15,"4,950",-,-,BGC Partners
"$2,055.1",-35%,$23.5,-83.6%,"$2,436.4","$1,458.1",-197,"3,050",-,-,G-III Apparel Group
"$2,053.1",-9.5%,$14.1,-40%,"$1,744.2","$1,123.2",-20,"11,234",-,-,Benchmark Electronics
"$2,027.5",-9.5%,$202.2,1187.9%,"$7,888.9","$6,352",-18,"3,900",-,-,Affiliated Managers Group
"$2,016.7",14.4%,$301.4,510.3%,"$4,283.2","$5,830.5",-,"5,300",-,-,CoreLogic
"$2,015.4",-0.1%,$516.3,-12.1%,"$25,215.2","$5,590.5",39,120,-,-,Air Lease
"$2,010.9",-8.2%,$270.6,6.4%,"$1,933.9","$4,154.4",-4,"2,105",-,-,NewMarket
"$1,999.4",-33.5%,$-147.3,-207%,"$8,701.8","$3,161.6",-174,"6,375",-,-,Trinity Industries
"$1,992.5",22.5%,$91.1,-,"$4,006","$2,022.7",-,"6,000",-,-,Amneal Pharmaceuticals
"$1,987.7",11.4%,$24.5,-49%,"$7,831.2","$9,708.5",-,"16,300",-,-,Americold Realty Trust
"$1,987.5",-4.1%,$157.8,-20%,"$3,049","$9,742.6",10,"7,400",-,-,Bruker
"$1,983.2",-20.1%,$-253.4,-299%,"$2,747.1","$2,715.4",-83,"42,500",-,-,Cheesecake Factory
"$1,980.1",-3.8%,$146.7,-26.2%,"$3,041.1","$5,632.6",-8,"6,570",-,-,Zurn Water Solutions
"$1,977.3",0.2%,$104.9,2.2%,"$2,743.8","$3,368.4",-,"8,198",-,-,Korn Ferry
"$1,975.5",-10.7%,$-2.2,-102.6%,"$1,536.1",$759.5,-19,"11,300",-,-,Modine Manufacturing
"$1,974.8",49.4%,$-429.4,-1124.2%,"$6,206.5","$11,057.4",-,"2,245",-,-,Zynga
"$1,971.9",-20.9%,$-55.2,-,"$3,139.7","$1,981.4",-90,"6,300",-,-,Belden
"$1,971.4",-53%,"$-1,148.8",-199.9%,"$10,620.9","$2,532.3",-340,675,-,-,Murphy Oil
"$1,968.7",-30.4%,$-711.8,-,"$6,136.9","$2,671",-145,533,-,-,Range Resources
"$1,967.9",18.5%,$132,72.8%,"$3,767.6","$2,010.4",-,"3,207",-,-,B&G Foods
"$1,963.7",-13.6%,$98.8,-67.2%,"$5,244.2","$11,741.1",-39,"25,400",-,-,Vail Resorts
"$1,962.1",6.2%,$123.4,-29.5%,"$2,314.8","$10,677.2",-,"12,050",-,-,Five Below
"$1,960.8",7.7%,$491.7,7.5%,"$49,957.7","$8,148.2",-,"6,587",-,-,First Citizens BancShares
"$1,955.4",-13%,$41.9,-62.1%,"$1,418","$1,698.5",-40,"7,600",-,-,HNI
"$1,953.7",-24.6%,$193.9,14.4%,"$5,569.8","$3,837.5",-112,"1,156",-,-,New Jersey Resources
"$1,949.7",-8.9%,$67.6,-,"$3,540.9","$2,149.4",-15,"5,800",-,-,Edgewell Personal Care
"$1,949.2",18.6%,$118.6,53.8%,"$1,516.4","$4,695",-,"61,000",-,-,TTEC Holdings
"$1,935.6",11.4%,$106.6,-5.9%,"$2,646.7","$3,135.7",-,"6,410",-,-,Arcosa
"$1,926.7",30.5%,$493.6,388.2%,"$4,290.5","$34,755.1",-,"5,950",-,-,DexCom
"$1,923.7",-37%,$-108.8,-,"$1,578.9","$1,208.8",-204,839,-,-,Green Plains
"$1,923.7",1.9%,$212.6,23.9%,"$3,252.3","$7,411",-,"4,179",-,-,Teledyne FLIR
"$1,915.1",34.5%,$269.3,-,"$4,859.4","$1,585.5",-,"5,400",-,-,E.W. Scripps
"$1,913.9",15.2%,$-256.3,-,"$2,387.2","$11,056.4",-,"2,760",-,-,Dropbox
"$1,910",-14.2%,$71.7,-31.2%,"$2,120.9","$1,446.1",-46,"24,000",-,-,Universal
"$1,905.5",-3.8%,$54.2,-71.3%,"$3,709.3","$1,088.4",-,"12,415",-,-,CoreCivic
"$1,905",-14.1%,$80.1,-31.8%,"$3,982.5","$1,834.6",-42,"5,742",-,-,Newmark Group
"$1,904.3",-21.3%,$-619,-,"$2,527.7",$657.7,-99,"6,000",-,-,Revlon
"$1,904",1.8%,$-28,-380%,"$3,706","$1,829.3",-,"4,000",-,-,Covanta Holding
"$1,900",68%,$-743.9,-1526.1%,"$3,475.8","$4,368.1",-,"6,600",-,-,ChampionX
"$1,887.9",-10%,$-40.2,-,"$7,073.4","$2,230.7",-23,"2,400",-,-,EchoStar
"$1,885.3",-20.6%,$-5.7,-102.3%,"$3,037.6","$3,338.8",-89,"8,989",-,-,Kennametal
"$1,878.1",-3.1%,$55.2,12.2%,"$2,889.3",$579.9,-,"2,784",-,-,Valhi
"$1,876.5",-29.9%,$-81.2,-184.6%,"$2,465.9","$1,495.2",-147,"11,000",-,-,Guess
"$1,874.1",3.5%,$-26.3,-105.2%,"$2,993.3","$1,354.7",-,"11,900",-,-,Harsco
"$1,869.8",0.6%,$126.8,22.9%,"$1,752.3","$2,858.9",-,"2,293",-,-,Stepan
"$1,868.6",6.1%,$77.1,-,"$1,800.4",$624.7,-,"3,340",-,-,Clearwater Paper
"$1,861.2",-83.9%,"$-1,724.5",-2567.5%,"$10,589.3","$18,457.7",-719,"8,200",-,-,Live Nation Entertainment
"$1,860.5",9.2%,$859.1,-,"$5,848","$13,730",-,"3,059",-,-,BioMarin Pharmaceutical
"$1,860.1",1.6%,$-116.1,-,"$5,413.2","$2,649.4",-,"9,950",-,-,Surgery Partners
"$1,859.3",16.9%,$295,15.7%,"$2,917.7","$15,120.7",-,"5,800",-,-,Entegris
"$1,856.6",9.3%,$139.2,70.1%,$800.1,"$3,560.3",-,"4,625",-,-,Sleep Number
"$1,855.4",-5%,$88.6,-52%,"$8,241.2","$3,817.5",-,"3,583",-,-,Spire
"$1,854.6",-30.9%,$-582.7,-,"$5,755.3",$842.1,-158,"4,800",-,-,Clear Channel Outdoor Holdings
"$2,281.7",11.2%,$222.8,-24.6%,"$47,802.5","$7,090",78,"6,833",-,-,TCF Financial
"$2,277.6",-5.2%,$-30.5,-,"$1,312.3","$1,236.2",-10,"7,060",-,-,REV Group
"$2,268.2",-34.3%,$-149,-,"$1,808.3",$479.7,-198,"1,400",-,-,Calumet Specialty Products Partners
"$2,254.3",-29.2%,$-56.1,-119.7%,"$5,243.7","$2,074.6",-156,731,-,-,Crestwood Equity Partners
"$2,249.3",-16.4%,$177.5,329.9%,"$2,895.9","$1,550.1",-64,"16,700",-,-,TTM Technologies
"$2,247.4",8.5%,$58.8,55.9%,$995.9,"$1,203.2",65,"7,200",-,-,MYR Group
"$2,234.7",-36%,$-488.7,-617.2%,"$1,976.6","$1,259.8",-209,"11,400",-,-,Designer Brands
"$2,229.4",-5.5%,$-908,-,"$5,868.5","$22,196.9",-5,"6,500",-,-,Splunk
"$2,217.5",8%,$386.2,5.4%,"$14,905.3","$5,826.2",71,"2,528",-,-,Primerica
"$2,205.6",8%,$699.9,18.3%,"$3,455.3","$25,666.4",74,"7,600",-,-,Copart
"$2,195.1",-5.9%,$207.5,67.3%,"$2,854.1","$6,582.1",-,"9,000",-,-,CDK Global
"$2,191.4",-5.3%,$654.7,-20.9%,"$3,629.3","$24,490.9",3,"7,115",-,-,Maxim Integrated Products
"$2,187.7",-37.6%,$0.5,-99.7%,"$6,798.2","$1,945.5",-220,"9,400",-,-,Kar Auction Services
"$2,181.8",-6.8%,-,-,"$41,091",-,-6,"1,082",-,-,Ohio National Mutual
"$2,181.1",-8.4%,$1.5,-99.1%,"$3,227.2","$1,976.3",-18,"4,600",-,-,Carpenter Technology
"$2,178.5",-34.5%,$-134.7,-185.5%,"$6,558.9","$6,608.3",-188,"14,284",-,-,Boyd Gaming
"$2,175.8",-26.2%,$750.7,-,"$2,707.9","$1,702.6",-124,"17,200",-,-,Unisys
"$2,175.5",137.3%,$613.7,-,"$4,000.9","$25,176.1",-,"2,092",-,-,Seagen
"$2,173.4",-13.2%,$-58,-218.3%,"$2,607","$4,000",-49,"6,451",-,-,Itron
"$2,171.4",-23.5%,$-272.5,-291.5%,"$5,924.2","$3,622",-102,"5,400",-,-,Kirby
"$2,161.2",7.2%,$260.8,28.3%,"$1,845.9","$16,939.1",72,"15,616",-,-,Rollins
"$2,160",-46.6%,$-255,-150.3%,"$7,613","$5,255.6",-282,"15,500",-,-,Travel + Leisure
"$2,159",3.9%,$551,330.5%,"$4,837","$6,285.8",44,"11,400",-,-,Terminix Global Holdings
"$2,152.5",711%,$25.1,-,"$1,837.7","$1,447.8",-,"6,421",-,-,Franchise Group
"$2,146.9",16.7%,$346.2,43.2%,"$2,793.8","$20,809.5",-,"9,200",-,-,West Pharmaceutical Services
"$2,145",1%,$155,-27.6%,"$9,069","$4,252.2",35,"3,639",-,-,Portland General Electric
"$2,144",52.7%,$538,146.8%,"$31,038","$2,375.8",-,"5,214",-,-,Flagstar Bancorp
"$2,137.1",-19.1%,$122.8,-67.7%,"$1,461.4","$2,977.4",-77,895,-,-,Renewable Energy Group
"$2,132.7",5.6%,$276.1,4.5%,"$1,765.1","$9,307.9",60,"3,600",-,-,Deckers Outdoor
"$2,127.1",-28.4%,$-8.5,-102.5%,"$6,887.6","$2,740.6",-142,"12,502",-,-,SkyWest
"$2,127.1",1.9%,$52.2,-,"$2,007.5",$653.6,34,"1,063",-,-,Beazer Homes USA
"$2,123.5",12.1%,$278.7,14.2%,"$2,293.5","$6,273.6",-,"6,700",-,-,BWX Technologies
"$2,122.3",-4.9%,$-173.7,-140.1%,"$10,718.8","$6,472.7",1,"2,360",-,-,OGE Energy
"$2,121.1",-3.3%,$249.5,-26%,"$3,674.7","$11,540.5",15,"7,555",-,-,Nordson
"$2,117.1",-27.5%,$-439.1,-799%,"$1,867.1",$827.3,-138,"6,650",-,-,Caleres
"$2,112.9",-5.1%,$435,-13.1%,"$46,671.1","$6,212.1",-,"4,915",-,-,BOK Financial
"$2,112.4",-1.6%,$4.4,-41.3%,"$2,079","$1,471.1",19,"5,400",-,-,AAR
"$2,110.9",-32.9%,$156.6,-81.4%,"$23,669.1","$10,904.7",-184,"1,729",-,-,Apollo Global Management
"$2,105.9",7.7%,$183.6,44.8%,"$1,567.2","$8,698",-,"21,000",-,-,Amedisys
"$2,095.9",-68.3%,"$-2,067.2",-1780.9%,"$13,869.5","$14,497.8",-486,"27,500",-,-,Wynn Resorts
"$2,084.3",-23.1%,$-80.4,-,"$2,188.5","$4,356",-105,"4,287",-,-,Hain Celestial Group
"$2,083.1",3.4%,$24.1,-83.6%,"$9,158","$30,343",52,"1,483",-,-,SBA Communications
"$2,081",-22.9%,$299,-50.5%,"$4,477","$4,536.9",-104,"3,300",-,-,Allison Transmission Holdings
"$2,079.6",7.3%,$319.5,45.3%,"$1,434.9","$7,372.2",-,"15,544",-,-,Chemed
"$2,072.7",4.6%,$137.7,-2.3%,"$2,899.9","$3,758.6",-,"4,969",-,-,Aerojet Rocketdyne Holdings
"$2,066",-58.8%,$-703,-191.8%,"$9,129","$8,377.5",-400,"37,000",-,-,Hyatt Hotels
"$2,063.2",-0.8%,$111.6,16.6%,"$2,483.4","$6,041.2",19,"21,150",-,-,LHC Group
"$2,056.7",-2.3%,$48.9,2.8%,"$3,949.3","$1,785.2",15,"4,950",-,-,BGC Partners
"$2,055.1",-35%,$23.5,-83.6%,"$2,436.4","$1,458.1",-197,"3,050",-,-,G-III Apparel Group
"$2,053.1",-9.5%,$14.1,-40%,"$1,744.2","$1,123.2",-20,"11,234",-,-,Benchmark Electronics
"$2,027.5",-9.5%,$202.2,1187.9%,"$7,888.9","$6,352",-18,"3,900",-,-,Affiliated Managers Group
"$2,016.7",14.4%,$301.4,510.3%,"$4,283.2","$5,830.5",-,"5,300",-,-,CoreLogic
"$2,015.4",-0.1%,$516.3,-12.1%,"$25,215.2","$5,590.5",39,120,-,-,Air Lease
"$2,010.9",-8.2%,$270.6,6.4%,"$1,933.9","$4,154.4",-4,"2,105",-,-,NewMarket
"$1,999.4",-33.5%,$-147.3,-207%,"$8,701.8","$3,161.6",-174,"6,375",-,-,Trinity Industries
"$1,992.5",22.5%,$91.1,-,"$4,006","$2,022.7",-,"6,000",-,-,Amneal Pharmaceuticals
"$1,987.7",11.4%,$24.5,-49%,"$7,831.2","$9,708.5",-,"16,300",-,-,Americold Realty Trust
"$1,987.5",-4.1%,$157.8,-20%,"$3,049","$9,742.6",10,"7,400",-,-,Bruker
"$1,983.2",-20.1%,$-253.4,-299%,"$2,747.1","$2,715.4",-83,"42,500",-,-,Cheesecake Factory
"$1,980.1",-3.8%,$146.7,-26.2%,"$3,041.1","$5,632.6",-8,"6,570",-,-,Zurn Water Solutions
"$1,977.3",0.2%,$104.9,2.2%,"$2,743.8","$3,368.4",-,"8,198",-,-,Korn Ferry
"$1,975.5",-10.7%,$-2.2,-102.6%,"$1,536.1",$759.5,-19,"11,300",-,-,Modine Manufacturing
"$1,974.8",49.4%,$-429.4,-1124.2%,"$6,206.5","$11,057.4",-,"2,245",-,-,Zynga
"$1,971.9",-20.9%,$-55.2,-,"$3,139.7","$1,981.4",-90,"6,300",-,-,Belden
"$1,971.4",-53%,"$-1,148.8",-199.9%,"$10,620.9","$2,532.3",-340,675,-,-,Murphy Oil
"$1,968.7",-30.4%,$-711.8,-,"$6,136.9","$2,671",-145,533,-,-,Range Resources
"$1,967.9",18.5%,$132,72.8%,"$3,767.6","$2,010.4",-,"3,207",-,-,B&G Foods
"$1,963.7",-13.6%,$98.8,-67.2%,"$5,244.2","$11,741.1",-39,"25,400",-,-,Vail Resorts
"$1,962.1",6.2%,$123.4,-29.5%,"$2,314.8","$10,677.2",-,"12,050",-,-,Five Below
"$1,960.8",7.7%,$491.7,7.5%,"$49,957.7","$8,148.2",-,"6,587",-,-,First Citizens BancShares
"$1,955.4",-13%,$41.9,-62.1%,"$1,418","$1,698.5",-40,"7,600",-,-,HNI
"$1,953.7",-24.6%,$193.9,14.4%,"$5,569.8","$3,837.5",-112,"1,156",-,-,New Jersey Resources
"$1,949.7",-8.9%,$67.6,-,"$3,540.9","$2,149.4",-15,"5,800",-,-,Edgewell Personal Care
"$1,949.2",18.6%,$118.6,53.8%,"$1,516.4","$4,695",-,"61,000",-,-,TTEC Holdings
"$1,935.6",11.4%,$106.6,-5.9%,"$2,646.7","$3,135.7",-,"6,410",-,-,Arcosa
"$1,926.7",30.5%,$493.6,388.2%,"$4,290.5","$34,755.1",-,"5,950",-,-,DexCom
"$1,923.7",-37%,$-108.8,-,"$1,578.9","$1,208.8",-204,839,-,-,Green Plains
"$1,923.7",1.9%,$212.6,23.9%,"$3,252.3","$7,411",-,"4,179",-,-,Teledyne FLIR
"$1,915.1",34.5%,$269.3,-,"$4,859.4","$1,585.5",-,"5,400",-,-,E.W. Scripps
"$1,913.9",15.2%,$-256.3,-,"$2,387.2","$11,056.4",-,"2,760",-,-,Dropbox
"$1,910",-14.2%,$71.7,-31.2%,"$2,120.9","$1,446.1",-46,"24,000",-,-,Universal
"$1,905.5",-3.8%,$54.2,-71.3%,"$3,709.3","$1,088.4",-,"12,415",-,-,CoreCivic
"$1,905",-14.1%,$80.1,-31.8%,"$3,982.5","$1,834.6",-42,"5,742",-,-,Newmark Group
"$1,904.3",-21.3%,$-619,-,"$2,527.7",$657.7,-99,"6,000",-,-,Revlon
"$1,904",1.8%,$-28,-380%,"$3,706","$1,829.3",-,"4,000",-,-,Covanta Holding
"$1,900",68%,$-743.9,-1526.1%,"$3,475.8","$4,368.1",-,"6,600",-,-,ChampionX
"$1,887.9",-10%,$-40.2,-,"$7,073.4","$2,230.7",-23,"2,400",-,-,EchoStar
"$1,885.3",-20.6%,$-5.7,-102.3%,"$3,037.6","$3,338.8",-89,"8,989",-,-,Kennametal
"$1,878.1",-3.1%,$55.2,12.2%,"$2,889.3",$579.9,-,"2,784",-,-,Valhi
"$1,876.5",-29.9%,$-81.2,-184.6%,"$2,465.9","$1,495.2",-147,"11,000",-,-,Guess
"$1,874.1",3.5%,$-26.3,-105.2%,"$2,993.3","$1,354.7",-,"11,900",-,-,Harsco
"$1,869.8",0.6%,$126.8,22.9%,"$1,752.3","$2,858.9",-,"2,293",-,-,Stepan
"$1,868.6",6.1%,$77.1,-,"$1,800.4",$624.7,-,"3,340",-,-,Clearwater Paper
"$1,861.2",-83.9%,"$-1,724.5",-2567.5%,"$10,589.3","$18,457.7",-719,"8,200",-,-,Live Nation Entertainment
"$1,860.5",9.2%,$859.1,-,"$5,848","$13,730",-,"3,059",-,-,BioMarin Pharmaceutical
"$1,860.1",1.6%,$-116.1,-,"$5,413.2","$2,649.4",-,"9,950",-,-,Surgery Partners
"$1,859.3",16.9%,$295,15.7%,"$2,917.7","$15,120.7",-,"5,800",-,-,Entegris
"$1,856.6",9.3%,$139.2,70.1%,$800.1,"$3,560.3",-,"4,625",-,-,Sleep Number
"$1,855.4",-5%,$88.6,-52%,"$8,241.2","$3,817.5",-,"3,583",-,-,Spire
"$1,854.6",-30.9%,$-582.7,-,"$5,755.3",$842.1,-158,"4,800",-,-,Clear Channel Outdoor Holdings
